# DISTANCE:     AVE_GOFR:        ERROR:
   0.0128248           0           0
   0.0384745           0           0
   0.0641241           0           0
   0.0897737           0           0
    0.115423           0           0
    0.141073           0           0
    0.166723           0           0
    0.192372           0           0
    0.218022           0           0
    0.243672           0           0
    0.269321           0           0
    0.294971           0           0
     0.32062           0           0
     0.34627           0           0
     0.37192           0           0
    0.397569           0           0
    0.423219           0           0
    0.448869           0           0
    0.474518           0           0
    0.500168           0           0
    0.525818           0           0
    0.551467           0           0
    0.577117           0           0
    0.602767           0           0
    0.628416           0           0
    0.654066           0           0
    0.679715           0           0
    0.705365           0           0
    0.731015           0           0
    0.756664           0           0
    0.782314           0           0
    0.807964           0           0
    0.833613           0           0
    0.859263           0           0
    0.884913 5.83569e-05           0
    0.910562  0.00177908           0
    0.936212   0.0256025           0
    0.961861    0.168565           0
    0.987511    0.575367           0
     1.01316     1.21059           0
     1.03881     1.87842           0
     1.06446      2.3449           0
     1.09011     2.55899           0
     1.11576      2.5245           0
     1.14141     2.40719           0
     1.16706     2.19009           0
     1.19271     1.97001           0
     1.21836     1.75821           0
     1.24401     1.54866           0
     1.26966     1.38982           0
     1.29531      1.2352           0
     1.32096     1.11872           0
     1.34661     1.02019           0
     1.37226    0.940142           0
     1.39791    0.870835           0
     1.42355    0.820253           0
      1.4492    0.766722           0
     1.47485    0.736936           0
      1.5005    0.709929           0
     1.52615    0.690855           0
      1.5518    0.681635           0
     1.57745    0.671283           0
      1.6031     0.66951           0
     1.62875    0.677644           0
      1.6544     0.69504           0
     1.68005    0.706134           0
      1.7057    0.725039           0
     1.73135    0.753486           0
       1.757    0.788226           0
     1.78265    0.820296           0
      1.8083    0.854922           0
     1.83395    0.897721           0
      1.8596     0.94397           0
     1.88525    0.981952           0
      1.9109     1.02121           0
     1.93655     1.06035           0
      1.9622     1.09552           0
     1.98785     1.13124           0
      2.0135     1.15576           0
     2.03915     1.18451           0
      2.0648     1.20185           0
     2.09045     1.20925           0
      2.1161     1.21758           0
     2.14174      1.2082           0
     2.16739     1.19043           0
     2.19304     1.17198           0
     2.21869     1.14323           0
     2.24434     1.11741           0
     2.26999     1.08975           0
     2.29564     1.06452           0
     2.32129     1.03162           0
     2.34694     1.00958           0
     2.37259     0.98601           0
     2.39824    0.964256           0
     2.42389    0.946647           0
     2.44954    0.929606           0
     2.47519    0.917311           0
     2.50084    0.912124           0
     2.52649    0.899298           0
     2.55214    0.887463           0
   0.0128248           0           0
   0.0384745           0           0
   0.0641241           0           0
   0.0897737           0           0
    0.115423           0           0
    0.141073           0           0
    0.166723           0           0
    0.192372           0           0
    0.218022           0           0
    0.243672           0           0
    0.269321           0           0
    0.294971           0           0
     0.32062           0           0
     0.34627           0           0
     0.37192           0           0
    0.397569           0           0
    0.423219           0           0
    0.448869           0           0
    0.474518           0           0
    0.500168           0           0
    0.525818           0           0
    0.551467           0           0
    0.577117           0           0
    0.602767           0           0
    0.628416           0           0
    0.654066           0           0
    0.679715           0           0
    0.705365           0           0
    0.731015           0           0
    0.756664           0           0
    0.782314           0           0
    0.807964           0           0
    0.833613           0           0
    0.859263           0           0
    0.884913 2.91784e-05 2.06323e-05
    0.910562  0.00138475 0.000278835
    0.936212   0.0251001 0.000355214
    0.961861    0.168901  0.00023753
    0.987511    0.570368  0.00353464
     1.01316     1.20601  0.00323886
     1.03881     1.86818  0.00724221
     1.06446     2.33508  0.00694547
     1.09011     2.55383    0.003648
     1.11576     2.53321  0.00615763
     1.14141     2.40733 9.38162e-05
     1.16706     2.19104 0.000666508
     1.19271     1.97476  0.00335544
     1.21836     1.75974   0.0010816
     1.24401     1.55483  0.00436511
     1.26966     1.39033 0.000360945
     1.29531     1.23954  0.00306818
     1.32096     1.12267   0.0027905
     1.34661     1.02278  0.00183632
     1.37226    0.939464 0.000478864
     1.39791    0.869412  0.00100586
     1.42355    0.819408 0.000597682
      1.4492    0.774635   0.0055955
     1.47485    0.738352  0.00100101
      1.5005    0.710286  0.00025213
     1.52615    0.690558 0.000209753
      1.5518    0.680137  0.00105959
     1.57745    0.672527 0.000879353
      1.6031    0.672102  0.00183259
     1.62875    0.676275 0.000968221
      1.6544     0.69004  0.00353556
     1.68005    0.707118 0.000695746
      1.7057    0.724971 4.85758e-05
     1.73135    0.754757 0.000898883
       1.757    0.785208  0.00213453
     1.78265    0.819736 0.000396438
      1.8083    0.854619 0.000214129
     1.83395    0.895625  0.00148153
      1.8596    0.942599 0.000969312
     1.88525    0.980116  0.00129813
      1.9109     1.01962  0.00112445
     1.93655     1.05774  0.00184405
      1.9622     1.09264  0.00203655
     1.98785     1.12885  0.00168822
      2.0135     1.15818  0.00171176
     2.03915     1.18022  0.00302997
      2.0648       1.199  0.00201752
     2.09045     1.20864 0.000432371
      2.1161     1.21562  0.00138401
     2.14174     1.20753 0.000469499
     2.16739     1.19156 0.000793759
     2.19304     1.17063 0.000958855
     2.21869     1.14613  0.00205367
     2.24434     1.12169  0.00302774
     2.26999     1.09235  0.00183686
     2.29564      1.0658 0.000903703
     2.32129     1.03263 0.000717882
     2.34694     1.01118  0.00112808
     2.37259    0.986502  0.00034757
     2.39824    0.967567  0.00234188
     2.42389    0.947612 0.000682495
     2.44954    0.929859 0.000178916
     2.47519    0.920317  0.00212597
     2.50084    0.910058  0.00146131
     2.52649    0.899277 1.46153e-05
     2.55214    0.889683  0.00157043
   0.0128248           0           0
   0.0384745           0           0
   0.0641241           0           0
   0.0897737           0           0
    0.115423           0           0
    0.141073           0           0
    0.166723           0           0
    0.192372           0           0
    0.218022           0           0
    0.243672           0           0
    0.269321           0           0
    0.294971           0           0
     0.32062           0           0
     0.34627           0           0
     0.37192           0           0
    0.397569           0           0
    0.423219           0           0
    0.448869           0           0
    0.474518           0           0
    0.500168           0           0
    0.525818           0           0
    0.551467           0           0
    0.577117           0           0
    0.602767           0           0
    0.628416           0           0
    0.654066           0           0
    0.679715           0           0
    0.705365           0           0
    0.731015           0           0
    0.756664           0           0
    0.782314           0           0
    0.807964           0           0
    0.833613           0           0
    0.859263           0           0
    0.884913 1.94523e-05 1.58827e-05
    0.910562  0.00135724 0.000187242
    0.936212   0.0238356   0.0010593
    0.961861    0.166413  0.00203759
    0.987511    0.565716  0.00446994
     1.01316     1.19774  0.00709103
     1.03881      1.8593  0.00871105
     1.06446     2.33344  0.00481939
     1.09011     2.55508  0.00263769
     1.11576     2.54063  0.00732297
     1.14141     2.41122  0.00317671
     1.16706     2.19235  0.00115828
     1.19271     1.97693  0.00285302
     1.21836     1.76344  0.00310351
     1.24401     1.55741  0.00359262
     1.26966     1.39346  0.00257009
     1.29531     1.24141    0.002553
     1.32096     1.12582  0.00317629
     1.34661     1.02495  0.00214919
     1.37226    0.943957  0.00368184
     1.39791    0.872284  0.00243873
     1.42355     0.81718  0.00186152
      1.4492     0.77388   0.0037809
     1.47485     0.73834 0.000667407
      1.5005    0.709529 0.000640655
     1.52615     0.68855  0.00164581
      1.5518    0.678199  0.00173317
     1.57745    0.669204  0.00277599
      1.6031    0.670857  0.00158925
     1.62875    0.673871  0.00206565
      1.6544    0.687583  0.00309527
     1.68005    0.703017  0.00338045
      1.7057    0.724502 0.000384306
     1.73135    0.750513  0.00351728
       1.757    0.782016  0.00296885
     1.78265    0.817342  0.00197232
      1.8083    0.853415 0.000993181
     1.83395    0.894604  0.00129299
      1.8596    0.940642  0.00172382
     1.88525    0.980055 0.000866846
      1.9109     1.01869   0.0010679
     1.93655     1.05892  0.00156062
      1.9622     1.09409  0.00180017
     1.98785     1.12965  0.00129959
      2.0135      1.1598  0.00174841
     2.03915      1.1829  0.00297597
      2.0648     1.20137  0.00235559
     2.09045     1.20965 0.000869356
      2.1161     1.21499  0.00105833
     2.14174     1.20982  0.00189339
     2.16739     1.19377  0.00188136
     2.19304     1.17387  0.00272522
     2.21869     1.14812  0.00212379
     2.24434     1.12444  0.00302106
     2.26999     1.09509   0.0025513
     2.29564     1.06815  0.00200843
     2.32129     1.03648  0.00317512
     2.34694     1.01355  0.00208026
     2.37259    0.988196  0.00140284
     2.39824     0.96726  0.00158125
     2.42389    0.948034 0.000570554
     2.44954    0.929054 0.000667784
     2.47519     0.91932  0.00163462
     2.50084    0.908069  0.00189342
     2.52649    0.895403  0.00316338
     2.55214    0.887475   0.0020849
   0.0128248           0           0
   0.0384745           0           0
   0.0641241           0           0
   0.0897737           0           0
    0.115423           0           0
    0.141073           0           0
    0.166723           0           0
    0.192372           0           0
    0.218022           0           0
    0.243672           0           0
    0.269321           0           0
    0.294971           0           0
     0.32062           0           0
     0.34627           0           0
     0.37192           0           0
    0.397569           0           0
    0.423219           0           0
    0.448869           0           0
    0.474518           0           0
    0.500168           0           0
    0.525818           0           0
    0.551467           0           0
    0.577117           0           0
    0.602767           0           0
    0.628416           0           0
    0.654066           0           0
    0.679715           0           0
    0.705365           0           0
    0.731015           0           0
    0.756664           0           0
    0.782314           0           0
    0.807964           0           0
    0.833613           0           0
    0.859263           0           0
    0.884913 1.45892e-05 1.26346e-05
    0.910562  0.00140309 0.000145938
    0.936212   0.0238659 0.000794905
    0.961861    0.165292  0.00181053
    0.987511     0.56306  0.00406563
     1.01316     1.19748  0.00532287
     1.03881     1.85537   0.0073678
     1.06446     2.33316  0.00362263
     1.09011     2.55566  0.00204125
     1.11576     2.54514  0.00673699
     1.14141     2.41399  0.00338091
     1.16706     2.19771  0.00472222
     1.19271      1.9777  0.00224144
     1.21836     1.76413  0.00240364
     1.24401     1.55934  0.00316798
     1.26966     1.39404  0.00199111
     1.29531     1.24157  0.00191964
     1.32096      1.1241  0.00281119
     1.34661     1.02337  0.00211266
     1.37226    0.943753  0.00276699
     1.39791    0.871289    0.002022
     1.42355     0.81752  0.00142684
      1.4492    0.771892  0.00331743
     1.47485    0.736003  0.00208552
      1.5005     0.70639   0.0027603
     1.52615    0.687531  0.00151714
      1.5518    0.677311   0.0015101
     1.57745    0.669017  0.00208828
      1.6031    0.669845  0.00147948
     1.62875    0.674905  0.00178939
      1.6544    0.686672  0.00245171
     1.68005    0.701842  0.00273165
      1.7057    0.725111 0.000600985
     1.73135    0.750491  0.00263802
       1.757    0.780441  0.00261131
     1.78265    0.818445  0.00176071
      1.8083    0.855418  0.00188753
     1.83395    0.895662  0.00133426
      1.8596    0.938634   0.0021668
     1.88525    0.979504 0.000806826
      1.9109     1.02098  0.00213829
     1.93655     1.05847   0.0012341
      1.9622     1.09573  0.00195851
     1.98785     1.13051  0.00122841
      2.0135     1.16075  0.00154687
     2.03915     1.18446  0.00260769
      2.0648     1.20185  0.00181485
     2.09045     1.21173  0.00191895
      2.1161     1.21534 0.000851884
     2.14174     1.21051  0.00154079
     2.16739     1.19349  0.00143182
     2.19304     1.17516  0.00233112
     2.21869     1.14874  0.00168137
     2.24434     1.12285  0.00265181
     2.26999      1.0945  0.00197968
     2.29564      1.0685  0.00153777
     2.32129      1.0349  0.00274651
     2.34694     1.01345  0.00156305
     2.37259    0.987645  0.00115531
     2.39824    0.966074  0.00156939
     2.42389    0.946565   0.0013419
     2.44954    0.927852    0.001155
     2.47519    0.917235  0.00218222
     2.50084    0.907002  0.00169447
     2.52649    0.895248   0.0023763
     2.55214    0.885814  0.00212468
   0.0128248           0           0
   0.0384745           0           0
   0.0641241           0           0
   0.0897737           0           0
    0.115423           0           0
    0.141073           0           0
    0.166723           0           0
    0.192372           0           0
    0.218022           0           0
    0.243672           0           0
    0.269321           0           0
    0.294971           0           0
     0.32062           0           0
     0.34627           0           0
     0.37192           0           0
    0.397569           0           0
    0.423219           0           0
    0.448869           0           0
    0.474518           0           0
    0.500168           0           0
    0.525818           0           0
    0.551467           0           0
    0.577117           0           0
    0.602767           0           0
    0.628416           0           0
    0.654066           0           0
    0.679715           0           0
    0.705365           0           0
    0.731015           0           0
    0.756664           0           0
    0.782314           0           0
    0.807964           0           0
    0.833613           0           0
    0.859263           0           0
    0.884913 1.55618e-05 1.01451e-05
    0.910562  0.00132422 0.000136406
    0.936212   0.0236208 0.000672654
    0.961861    0.165305  0.00144846
    0.987511    0.561653  0.00348756
     1.01316     1.19514  0.00474554
     1.03881     1.85669  0.00601135
     1.06446     2.33534   0.0034917
     1.09011      2.5584  0.00294439
     1.11576     2.55056  0.00725202
     1.14141     2.41718  0.00393109
     1.16706     2.20009  0.00433923
     1.19271       1.978  0.00181425
     1.21836     1.76206  0.00266704
     1.24401     1.56095  0.00291453
     1.26966      1.3915  0.00277648
     1.29531      1.2429  0.00194342
     1.32096     1.12313  0.00241019
     1.34661     1.02305  0.00171453
     1.37226    0.943582  0.00221887
     1.39791    0.871767   0.0016732
     1.42355    0.817239  0.00116884
      1.4492    0.771099  0.00274711
     1.47485    0.734402  0.00219866
      1.5005     0.70611  0.00222239
     1.52615    0.685778  0.00198282
      1.5518    0.675918  0.00173568
     1.57745    0.667458  0.00217615
      1.6031    0.668102   0.0019575
     1.62875    0.674227  0.00155483
      1.6544    0.685419  0.00225915
     1.68005    0.700689   0.0024167
      1.7057    0.724155 0.000980696
     1.73135    0.749533  0.00227773
       1.757    0.780289   0.0020935
     1.78265    0.817544   0.0016227
      1.8083    0.856136   0.0016409
     1.83395     0.89658  0.00134657
      1.8596    0.939529  0.00190955
     1.88525    0.980713  0.00125941
      1.9109     1.02166  0.00181655
     1.93655     1.05935  0.00126787
      1.9622     1.09711  0.00199912
     1.98785     1.13099  0.00107319
      2.0135      1.1623  0.00185874
     2.03915     1.18565  0.00234402
      2.0648     1.20308  0.00182314
     2.09045     1.21243   0.0016588
      2.1161     1.21618  0.00101008
     2.14174     1.21036  0.00124019
     2.16739     1.19388  0.00119792
     2.19304     1.17509  0.00186611
     2.21869     1.14937  0.00145892
     2.24434     1.12311  0.00213375
     2.26999      1.0946  0.00158615
     2.29564     1.06755  0.00149838
     2.32129      1.0353  0.00222661
     2.34694     1.01321  0.00126751
     2.37259    0.986532  0.00135836
     2.39824    0.965191  0.00148306
     2.42389    0.946222  0.00111656
     2.44954    0.927974 0.000930409
     2.47519    0.917015  0.00175683
     2.50084    0.906653  0.00139102
     2.52649    0.895438  0.00190861
     2.55214    0.885491  0.00172418
   0.0128248           0           0
   0.0384745           0           0
   0.0641241           0           0
   0.0897737           0           0
    0.115423           0           0
    0.141073           0           0
    0.166723           0           0
    0.192372           0           0
    0.218022           0           0
    0.243672           0           0
    0.269321           0           0
    0.294971           0           0
     0.32062           0           0
     0.34627           0           0
     0.37192           0           0
    0.397569           0           0
    0.423219           0           0
    0.448869           0           0
    0.474518           0           0
    0.500168           0           0
    0.525818           0           0
    0.551467           0           0
    0.577117           0           0
    0.602767           0           0
    0.628416           0           0
    0.654066           0           0
    0.679715           0           0
    0.705365           0           0
    0.731015           0           0
    0.756664           0           0
    0.782314           0           0
    0.807964           0           0
    0.833613           0           0
    0.859263           0           0
    0.884913 1.29682e-05 8.77951e-06
    0.910562  0.00137252 0.000121923
    0.936212   0.0236883 0.000563927
    0.961861    0.165578  0.00123253
    0.987511     0.56227  0.00296034
     1.01316     1.19731  0.00442199
     1.03881     1.85878  0.00536212
     1.06446     2.33453  0.00300146
     1.09011     2.55745  0.00260172
     1.11576     2.55068  0.00604424
     1.14141     2.41283  0.00514639
     1.16706     2.20103  0.00371699
     1.19271     1.97551  0.00273693
     1.21836     1.75982  0.00302368
     1.24401     1.55996  0.00259039
     1.26966     1.39179  0.00232943
     1.29531     1.24224  0.00172783
     1.32096      1.1228   0.0020301
     1.34661     1.02305  0.00142878
     1.37226    0.944433   0.0020056
     1.39791     0.87206  0.00141982
     1.42355     0.81647   0.0012008
      1.4492    0.771407  0.00230641
     1.47485    0.734828    0.001873
      1.5005    0.706347  0.00186459
     1.52615    0.686908   0.0019479
      1.5518    0.676888  0.00169613
     1.57745    0.668656  0.00211782
      1.6031    0.668647  0.00170555
     1.62875    0.675746   0.0018982
      1.6544    0.686526  0.00213679
     1.68005    0.701099  0.00204852
      1.7057    0.724705 0.000959274
     1.73135    0.750518  0.00210053
       1.757    0.780794  0.00180451
     1.78265    0.816715  0.00154972
      1.8083    0.856813   0.0015005
     1.83395    0.896417  0.00113193
      1.8596    0.938326  0.00193344
     1.88525    0.980462  0.00107423
      1.9109     1.02091  0.00166195
     1.93655     1.06025   0.0013364
      1.9622     1.09655  0.00174396
     1.98785     1.13102 0.000894584
      2.0135      1.1605  0.00225547
     2.03915     1.18427  0.00232367
      2.0648     1.20204  0.00179178
     2.09045     1.21283  0.00142868
      2.1161     1.21536  0.00112401
     2.14174     1.20949  0.00130198
     2.16739      1.1934  0.00109067
     2.19304     1.17547   0.0015936
     2.21869     1.14908  0.00124459
     2.24434     1.12205  0.00202324
     2.26999     1.09439  0.00133557
     2.29564     1.06645  0.00160037
     2.32129     1.03553  0.00186751
     2.34694     1.01304  0.00106845
     2.37259    0.987601  0.00149431
     2.39824      0.9654  0.00125052
     2.42389    0.946506 0.000965895
     2.44954    0.928396 0.000865884
     2.47519    0.917665  0.00157972
     2.50084    0.906992   0.0011998
     2.52649    0.895715  0.00161053
     2.55214    0.885445  0.00143743
   0.0128248           0           0
   0.0384745           0           0
   0.0641241           0           0
   0.0897737           0           0
    0.115423           0           0
    0.141073           0           0
    0.166723           0           0
    0.192372           0           0
    0.218022           0           0
    0.243672           0           0
    0.269321           0           0
    0.294971           0           0
     0.32062           0           0
     0.34627           0           0
     0.37192           0           0
    0.397569           0           0
    0.423219           0           0
    0.448869           0           0
    0.474518           0           0
    0.500168           0           0
    0.525818           0           0
    0.551467           0           0
    0.577117           0           0
    0.602767           0           0
    0.628416           0           0
    0.654066           0           0
    0.679715           0           0
    0.705365           0           0
    0.731015           0           0
    0.756664           0           0
    0.782314           0           0
    0.807964           0           0
    0.833613           0           0
    0.859263           0           0
    0.884913 1.11156e-05 7.71828e-06
    0.910562  0.00134414 0.000107759
    0.936212    0.023692 0.000483378
    0.961861    0.164352  0.00155053
    0.987511    0.560568  0.00298676
     1.01316     1.19604  0.00396821
     1.03881     1.85756  0.00473197
     1.06446     2.33417  0.00259456
     1.09011     2.55576  0.00272472
     1.11576     2.55367  0.00587493
     1.14141     2.41351  0.00445634
     1.16706     2.20205  0.00332294
     1.19271     1.97685  0.00265671
     1.21836     1.76125  0.00291175
     1.24401     1.56105  0.00243922
     1.26966     1.39224  0.00203939
     1.29531     1.24237  0.00148557
     1.32096     1.12317  0.00177314
     1.34661     1.02415  0.00158806
     1.37226    0.944266  0.00172605
     1.39791    0.872784  0.00138932
     1.42355    0.816108  0.00108232
      1.4492    0.771423  0.00197698
     1.47485    0.735836  0.00185723
      1.5005    0.705447  0.00180255
     1.52615    0.686578  0.00169738
      1.5518    0.675761  0.00178943
     1.57745    0.667065  0.00233785
      1.6031    0.668098  0.00154767
     1.62875    0.674812  0.00184278
      1.6544    0.685704  0.00198355
     1.68005    0.700823  0.00177442
      1.7057    0.723681  0.00125478
     1.73135    0.750269  0.00181521
       1.757    0.780715  0.00154843
     1.78265    0.816108  0.00144206
      1.8083    0.857008   0.0012988
     1.83395    0.896052  0.00102729
      1.8596    0.938014  0.00168222
     1.88525    0.980699 0.000946729
      1.9109     1.02197  0.00172931
     1.93655     1.06101   0.0013446
      1.9622     1.09679    0.001511
     1.98785     1.13134 0.000824582
      2.0135     1.16062  0.00193612
     2.03915     1.18448  0.00200088
      2.0648     1.20201    0.001536
     2.09045     1.21303  0.00123813
      2.1161     1.21517 0.000979812
     2.14174     1.20944  0.00111691
     2.16739     1.19395  0.00106453
     2.19304     1.17616  0.00150934
     2.21869      1.1503  0.00155051
     2.24434     1.12265  0.00182165
     2.26999     1.09486  0.00122411
     2.29564     1.06656  0.00137524
     2.32129     1.03632  0.00176033
     2.34694      1.0135  0.00101094
     2.37259    0.987671  0.00128249
     2.39824    0.965638  0.00109426
     2.42389    0.945931 0.000984244
     2.44954    0.928888 0.000870632
     2.47519    0.917173  0.00142875
     2.50084    0.906894  0.00103243
     2.52649    0.894639  0.00170245
     2.55214    0.884783   0.0013761
   0.0128248           0           0
   0.0384745           0           0
   0.0641241           0           0
   0.0897737           0           0
    0.115423           0           0
    0.141073           0           0
    0.166723           0           0
    0.192372           0           0
    0.218022           0           0
    0.243672           0           0
    0.269321           0           0
    0.294971           0           0
     0.32062           0           0
     0.34627           0           0
     0.37192           0           0
    0.397569           0           0
    0.423219           0           0
    0.448869           0           0
    0.474518           0           0
    0.500168           0           0
    0.525818           0           0
    0.551467           0           0
    0.577117           0           0
    0.602767           0           0
    0.628416           0           0
    0.654066           0           0
    0.679715           0           0
    0.705365           0           0
    0.731015           0           0
    0.756664           0           0
    0.782314           0           0
    0.807964           0           0
    0.833613           0           0
    0.859263           0           0
    0.884913 9.72615e-06 6.87742e-06
    0.910562  0.00135724  9.5082e-05
    0.936212   0.0239287 0.000477377
    0.961861    0.165362   0.0016533
    0.987511    0.564533  0.00453718
     1.01316     1.20047  0.00540722
     1.03881     1.86146  0.00551263
     1.06446     2.33701  0.00349357
     1.09011     2.55612  0.00240705
     1.11576     2.55263  0.00523107
     1.14141     2.41166  0.00426646
     1.16706     2.19832  0.00454799
     1.19271       1.975  0.00289892
     1.21836     1.75887  0.00338524
     1.24401     1.55946  0.00260334
     1.26966     1.38972  0.00295808
     1.29531     1.24189  0.00137398
     1.32096     1.12296  0.00156398
     1.34661     1.02275  0.00190831
     1.37226    0.942561  0.00219626
     1.39791    0.872081  0.00138221
     1.42355    0.816194 0.000950389
      1.4492    0.771386   0.0017302
     1.47485    0.736324  0.00168797
      1.5005    0.706142   0.0017062
     1.52615    0.687241  0.00160949
      1.5518     0.67565  0.00156921
     1.57745     0.66743  0.00207388
      1.6031    0.668829  0.00151688
     1.62875    0.675152   0.0016435
      1.6544    0.685359  0.00176534
     1.68005    0.700862  0.00155304
      1.7057     0.72459  0.00138825
     1.73135     0.75105   0.0017483
       1.757    0.781271  0.00145113
     1.78265    0.816887  0.00145702
      1.8083    0.857277   0.0011639
     1.83395    0.896596  0.00103294
      1.8596    0.938618  0.00157667
     1.88525    0.980869 0.000843525
      1.9109     1.02242  0.00156928
     1.93655     1.06075  0.00120094
      1.9622     1.09674  0.00132288
     1.98785     1.13078 0.000895531
      2.0135     1.16014  0.00175154
     2.03915     1.18405  0.00179638
      2.0648     1.20256  0.00143862
     2.09045     1.21341  0.00114116
      2.1161     1.21518 0.000857455
     2.14174     1.20866  0.00122242
     2.16739     1.19405 0.000936806
     2.19304     1.17617  0.00132069
     2.21869     1.14999   0.0013869
     2.24434     1.12262  0.00159419
     2.26999     1.09517  0.00110962
     2.29564     1.06693  0.00125195
     2.32129     1.03699  0.00166326
     2.34694     1.01327 0.000909761
     2.37259    0.986768  0.00140468
     2.39824    0.965117  0.00107413
     2.42389    0.944805  0.00136058
     2.44954    0.928225 0.000982297
     2.47519    0.916918  0.00127278
     2.50084     0.90643  0.00100206
     2.52649    0.893961  0.00161911
     2.55214     0.88549  0.00137378
   0.0128248           0           0
   0.0384745           0           0
   0.0641241           0           0
   0.0897737           0           0
    0.115423           0           0
    0.141073           0           0
    0.166723           0           0
    0.192372           0           0
    0.218022           0           0
    0.243672           0           0
    0.269321           0           0
    0.294971           0           0
     0.32062           0           0
     0.34627           0           0
     0.37192           0           0
    0.397569           0           0
    0.423219           0           0
    0.448869           0           0
    0.474518           0           0
    0.500168           0           0
    0.525818           0           0
    0.551467           0           0
    0.577117           0           0
    0.602767           0           0
    0.628416           0           0
    0.654066           0           0
    0.679715           0           0
    0.705365           0           0
    0.731015           0           0
    0.756664           0           0
    0.782314           0           0
    0.807964           0           0
    0.833613           0           0
    0.859263           0           0
    0.884913 8.64546e-06 6.19759e-06
    0.910562  0.00135928 8.45392e-05
    0.936212   0.0237528 0.000455581
    0.961861    0.165421  0.00147066
    0.987511    0.563222  0.00421824
     1.01316     1.19882  0.00505218
     1.03881     1.85946  0.00524937
     1.06446     2.33641  0.00315681
     1.09011     2.55668  0.00220315
     1.11576     2.55381  0.00478092
     1.14141     2.41318  0.00405292
     1.16706     2.19883  0.00407181
     1.19271     1.97524  0.00258664
     1.21836     1.76112  0.00368242
     1.24401     1.56093  0.00270091
     1.26966     1.39024   0.0026748
     1.29531      1.2426  0.00139405
     1.32096     1.12331  0.00142814
     1.34661     1.02274  0.00169629
     1.37226    0.942302  0.00196746
     1.39791    0.871803  0.00125633
     1.42355    0.815486  0.00107659
      1.4492    0.771468  0.00153989
     1.47485     0.73546  0.00170744
      1.5005    0.705985  0.00152387
     1.52615    0.686491  0.00159598
      1.5518    0.675604  0.00139553
     1.57745    0.667485   0.0018442
      1.6031    0.668369  0.00141632
     1.62875    0.675303  0.00146785
      1.6544     0.68487  0.00163551
     1.68005    0.700972  0.00138441
      1.7057    0.723948  0.00137425
     1.73135    0.750524  0.00163134
       1.757    0.781415  0.00129708
     1.78265    0.816781  0.00129899
      1.8083    0.857404  0.00104149
     1.83395     0.89613   0.0010181
      1.8596     0.93802   0.0015109
     1.88525    0.980866 0.000749809
      1.9109     1.02233   0.0013973
     1.93655     1.06062  0.00107514
      1.9622     1.09746   0.0013573
     1.98785     1.13119 0.000887793
      2.0135      1.1605  0.00159258
     2.03915     1.18479  0.00174263
      2.0648     1.20292  0.00132358
     2.09045     1.21412  0.00121393
      2.1161      1.2153 0.000770334
     2.14174       1.209  0.00113317
     2.16739     1.19472  0.00104401
     2.19304     1.17684   0.0013338
     2.21869     1.15043   0.0012998
     2.24434     1.12309  0.00148248
     2.26999     1.09543  0.00101669
     2.29564     1.06674  0.00112635
     2.32129     1.03689  0.00148152
     2.34694     1.01272 0.000959876
     2.37259    0.986636  0.00125482
     2.39824    0.964709  0.00102962
     2.42389    0.944728  0.00121159
     2.44954    0.928128 0.000877907
     2.47519    0.916123   0.0013568
     2.50084    0.906209  0.00091486
     2.52649     0.89301  0.00169583
     2.55214    0.885013  0.00130128
   0.0128248           0           0
   0.0384745           0           0
   0.0641241           0           0
   0.0897737           0           0
    0.115423           0           0
    0.141073           0           0
    0.166723           0           0
    0.192372           0           0
    0.218022           0           0
    0.243672           0           0
    0.269321           0           0
    0.294971           0           0
     0.32062           0           0
     0.34627           0           0
     0.37192           0           0
    0.397569           0           0
    0.423219           0           0
    0.448869           0           0
    0.474518           0           0
    0.500168           0           0
    0.525818           0           0
    0.551467           0           0
    0.577117           0           0
    0.602767           0           0
    0.628416           0           0
    0.654066           0           0
    0.679715           0           0
    0.705365           0           0
    0.731015           0           0
    0.756664           0           0
    0.782314           0           0
    0.807964           0           0
    0.833613           0           0
    0.859263           0           0
    0.884913 9.72615e-06 5.67127e-06
    0.910562  0.00135173 7.64208e-05
    0.936212   0.0236589 0.000419593
    0.961861    0.165228  0.00133627
    0.987511    0.563434  0.00380173
     1.01316     1.20025  0.00474514
     1.03881     1.85945  0.00472444
     1.06446     2.33676  0.00286065
     1.09011     2.55681  0.00198722
     1.11576     2.55412  0.00431248
     1.14141     2.41164  0.00392922
     1.16706      2.1978  0.00379331
     1.19271     1.97328  0.00298073
     1.21836     1.75951   0.0036494
     1.24401     1.55989  0.00262332
     1.26966     1.38922   0.0025943
     1.29531     1.24209  0.00134455
     1.32096     1.12327  0.00128576
     1.34661     1.02344   0.0016634
     1.37226    0.942482  0.00177893
     1.39791    0.872452  0.00128754
     1.42355    0.816418  0.00131196
      1.4492    0.772894   0.0019364
     1.47485    0.737016  0.00213113
      1.5005    0.706931   0.0016389
     1.52615    0.688298  0.00223672
      1.5518    0.676724  0.00164508
     1.57745    0.668874  0.00211926
      1.6031    0.669407  0.00161087
     1.62875    0.675863  0.00142384
      1.6544    0.685727  0.00168171
     1.68005    0.701664  0.00140831
      1.7057    0.723922  0.00123708
     1.73135    0.750005   0.0015485
       1.757    0.781528  0.00117226
     1.78265    0.815626  0.00160231
      1.8083    0.855623  0.00193168
     1.83395    0.894549  0.00175741
      1.8596    0.936883  0.00173522
     1.88525    0.979257  0.00166843
      1.9109     1.02085  0.00188377
     1.93655     1.05938  0.00152102
      1.9622     1.09692  0.00132341
     1.98785     1.13108 0.000806409
      2.0135     1.16015   0.0014701
     2.03915     1.18489  0.00157111
      2.0648     1.20307  0.00119979
     2.09045     1.21391  0.00111033
      2.1161     1.21544 0.000706002
     2.14174     1.20927  0.00105121
     2.16739     1.19491 0.000956497
     2.19304     1.17659   0.0012237
     2.21869     1.15097   0.0012779
     2.24434     1.12328  0.00134651
     2.26999     1.09555 0.000922012
     2.29564     1.06699  0.00104132
     2.32129     1.03744   0.0014313
     2.34694      1.0127 0.000864297
     2.37259    0.987215  0.00125591
     2.39824    0.965564  0.00123192
     2.42389     0.94558  0.00135773
     2.44954    0.929055  0.00118197
     2.47519    0.916976  0.00146488
     2.50084    0.907119   0.0011936
     2.52649    0.893603  0.00162669
     2.55214    0.885584  0.00129027
   0.0128248           0           0
   0.0384745           0           0
   0.0641241           0           0
   0.0897737           0           0
    0.115423           0           0
    0.141073           0           0
    0.166723           0           0
    0.192372           0           0
    0.218022           0           0
    0.243672           0           0
    0.269321           0           0
    0.294971           0           0
     0.32062           0           0
     0.34627           0           0
     0.37192           0           0
    0.397569           0           0
    0.423219           0           0
    0.448869           0           0
    0.474518           0           0
    0.500168           0           0
    0.525818           0           0
    0.551467           0           0
    0.577117           0           0
    0.602767           0           0
    0.628416           0           0
    0.654066           0           0
    0.679715           0           0
    0.705365           0           0
    0.731015           0           0
    0.756664           0           0
    0.782314           0           0
    0.807964           0           0
    0.833613           0           0
    0.859263           0           0
    0.884913 8.84195e-06 5.22417e-06
    0.910562   0.0013389 7.05436e-05
    0.936212   0.0236875 0.000382426
    0.961861    0.165431  0.00123021
    0.987511    0.562767  0.00351406
     1.01316     1.19939  0.00439091
     1.03881     1.85974  0.00430406
     1.06446     2.33742  0.00267546
     1.09011     2.55686  0.00180699
     1.11576     2.55371   0.0039392
     1.14141     2.41039   0.0037638
     1.16706     2.19738  0.00347152
     1.19271     1.97256  0.00279439
     1.21836     1.76008  0.00336163
     1.24401     1.56027  0.00241107
     1.26966     1.38956  0.00238069
     1.29531     1.24175  0.00126516
     1.32096     1.12396   0.0013415
     1.34661     1.02407  0.00162904
     1.37226    0.942021  0.00167593
     1.39791    0.872347  0.00117474
     1.42355    0.815987  0.00126156
      1.4492    0.772938  0.00176086
     1.47485    0.737971  0.00214051
      1.5005     0.70762  0.00162838
     1.52615    0.689515  0.00234125
      1.5518    0.676751  0.00149576
     1.57745    0.669362  0.00198197
      1.6031    0.669509  0.00146764
     1.62875      0.6758   0.0012958
      1.6544    0.686186  0.00159031
     1.68005     0.70084  0.00150213
      1.7057    0.723475  0.00120269
     1.73135    0.749584  0.00146393
       1.757    0.781242  0.00110008
     1.78265    0.815829  0.00146949
      1.8083    0.854981   0.0018598
     1.83395    0.894097  0.00165474
      1.8596    0.936392  0.00164567
     1.88525    0.979019  0.00153363
      1.9109     1.02029  0.00179469
     1.93655     1.05996   0.0014902
      1.9622     1.09643  0.00129167
     1.98785     1.13098 0.000738555
      2.0135     1.15989  0.00135897
     2.03915     1.18471  0.00143821
      2.0648     1.20306  0.00109081
     2.09045     1.21417  0.00103963
      2.1161     1.21597 0.000814602
     2.14174     1.20977  0.00106934
     2.16739     1.19542 0.000996083
     2.19304     1.17698  0.00117178
     2.21869     1.15085  0.00116753
     2.24434     1.12341  0.00123104
     2.26999     1.09559 0.000839114
     2.29564      1.0673 0.000991021
     2.32129     1.03742  0.00130127
     2.34694     1.01278 0.000789357
     2.37259    0.987183  0.00114215
     2.39824    0.965598  0.00112038
     2.42389    0.945767  0.00124707
     2.44954    0.929051  0.00107452
     2.47519    0.917051  0.00133363
     2.50084    0.907084   0.0010856
     2.52649     0.89395  0.00151544
     2.55214    0.885702  0.00117838
   0.0128248           0           0
   0.0384745           0           0
   0.0641241           0           0
   0.0897737           0           0
    0.115423           0           0
    0.141073           0           0
    0.166723           0           0
    0.192372           0           0
    0.218022           0           0
    0.243672           0           0
    0.269321           0           0
    0.294971           0           0
     0.32062           0           0
     0.34627           0           0
     0.37192           0           0
    0.397569           0           0
    0.423219           0           0
    0.448869           0           0
    0.474518           0           0
    0.500168           0           0
    0.525818           0           0
    0.551467           0           0
    0.577117           0           0
    0.602767           0           0
    0.628416           0           0
    0.654066           0           0
    0.679715           0           0
    0.705365           0           0
    0.731015           0           0
    0.756664           0           0
    0.782314           0           0
    0.807964           0           0
    0.833613           0           0
    0.859263           0           0
    0.884913 8.10512e-06 4.84051e-06
    0.910562  0.00132361 6.63001e-05
    0.936212   0.0237706 0.000359466
    0.961861    0.165782  0.00117679
    0.987511    0.563023  0.00323051
     1.01316     1.19858  0.00409938
     1.03881     1.85952  0.00395109
     1.06446     2.33781  0.00248136
     1.09011     2.55559  0.00204957
     1.11576     2.55423   0.0036445
     1.14141     2.41099  0.00349669
     1.16706     2.19781   0.0032093
     1.19271     1.97421   0.0030084
     1.21836     1.75971  0.00310198
     1.24401     1.56045  0.00221711
     1.26966     1.38957  0.00218231
     1.29531     1.24175  0.00115973
     1.32096     1.12404  0.00123174
     1.34661     1.02366   0.0015439
     1.37226    0.941439   0.0016341
     1.39791     0.87161  0.00128769
     1.42355    0.815527  0.00123737
      1.4492    0.771926  0.00188248
     1.47485    0.737496    0.002014
      1.5005     0.70784  0.00150754
     1.52615    0.689172  0.00217111
      1.5518     0.67687  0.00137582
     1.57745    0.669964  0.00190589
      1.6031    0.670002  0.00142577
     1.62875     0.67602  0.00120639
      1.6544    0.686201  0.00145785
     1.68005    0.701342   0.0014584
      1.7057    0.723959  0.00119606
     1.73135    0.750739  0.00173937
       1.757    0.781618  0.00107087
     1.78265    0.816033  0.00136112
      1.8083    0.854758  0.00171809
     1.83395    0.894099  0.00151685
      1.8596    0.936049  0.00154369
     1.88525    0.978133  0.00164195
      1.9109     1.01989  0.00168857
     1.93655     1.05916  0.00156609
      1.9622     1.09632  0.00118848
     1.98785     1.13156 0.000872864
      2.0135     1.15999  0.00124909
     2.03915     1.18528  0.00142545
      2.0648     1.20356   0.0011095
     2.09045     1.21417 0.000952999
      2.1161     1.21648 0.000890582
     2.14174     1.21019  0.00105889
     2.16739     1.19555 0.000921698
     2.19304     1.17696  0.00107423
     2.21869     1.15049  0.00112334
     2.24434     1.12325   0.0011395
     2.26999     1.09526 0.000831351
     2.29564     1.06734 0.000909144
     2.32129     1.03734  0.00119528
     2.34694     1.01281 0.000724435
     2.37259    0.987323  0.00105555
     2.39824    0.965124  0.00112264
     2.42389    0.945299  0.00122795
     2.44954    0.928531  0.00110364
     2.47519    0.916443   0.0013539
     2.50084    0.906712  0.00105709
     2.52649    0.893719  0.00140661
     2.55214    0.885202  0.00118144
   0.0128248           0           0
   0.0384745           0           0
   0.0641241           0           0
   0.0897737           0           0
    0.115423           0           0
    0.141073           0           0
    0.166723           0           0
    0.192372           0           0
    0.218022           0           0
    0.243672           0           0
    0.269321           0           0
    0.294971           0           0
     0.32062           0           0
     0.34627           0           0
     0.37192           0           0
    0.397569           0           0
    0.423219           0           0
    0.448869           0           0
    0.474518           0           0
    0.500168           0           0
    0.525818           0           0
    0.551467           0           0
    0.577117           0           0
    0.602767           0           0
    0.628416           0           0
    0.654066           0           0
    0.679715           0           0
    0.705365           0           0
    0.731015           0           0
    0.756664           0           0
    0.782314           0           0
    0.807964           0           0
    0.833613           0           0
    0.859263           0           0
    0.884913  1.3467e-05 6.81927e-06
    0.910562  0.00135442 6.79803e-05
    0.936212   0.0238063 0.000333577
    0.961861    0.165502  0.00111909
    0.987511    0.561537  0.00330588
     1.01316     1.19771  0.00387538
     1.03881      1.8579  0.00396665
     1.06446      2.3362  0.00276265
     1.09011     2.55526  0.00191839
     1.11576     2.55314  0.00352326
     1.14141     2.41064  0.00324451
     1.16706      2.1984  0.00301494
     1.19271     1.97591  0.00322255
     1.21836     1.76048  0.00295767
     1.24401     1.56172  0.00238204
     1.26966     1.39098   0.0024302
     1.29531     1.24339   0.0018981
     1.32096      1.1251  0.00152691
     1.34661     1.02462  0.00169446
     1.37226    0.942272  0.00170729
     1.39791    0.872577  0.00150874
     1.42355    0.815862  0.00118658
      1.4492    0.772081  0.00174402
     1.47485    0.738062    0.001937
      1.5005    0.708236  0.00144261
     1.52615    0.689126   0.0020046
      1.5518    0.676635   0.0012898
     1.57745    0.670051   0.0017613
      1.6031    0.669308  0.00147541
     1.62875    0.675097  0.00142369
      1.6544    0.685391  0.00155486
     1.68005    0.700321  0.00166583
      1.7057    0.723061   0.0014011
     1.73135    0.749644  0.00191997
       1.757    0.780669  0.00134483
     1.78265    0.815196  0.00149212
      1.8083    0.854224  0.00166704
     1.83395    0.893569  0.00148988
      1.8596    0.935858  0.00143683
     1.88525    0.977788  0.00155158
      1.9109     1.01918   0.0017002
     1.93655     1.05898  0.00145678
      1.9622     1.09613  0.00111202
     1.98785     1.13184 0.000849364
      2.0135     1.16021  0.00117276
     2.03915     1.18567  0.00136803
      2.0648      1.2041  0.00114748
     2.09045     1.21446 0.000925169
      2.1161     1.21662 0.000833155
     2.14174     1.21059  0.00105187
     2.16739     1.19639  0.00117221
     2.19304     1.17744  0.00109387
     2.21869     1.15131  0.00130088
     2.24434      1.1242  0.00139082
     2.26999     1.09596  0.00102009
     2.29564     1.06744 0.000844843
     2.32129     1.03804  0.00128937
     2.34694     1.01269 0.000679496
     2.37259    0.987829  0.00108882
     2.39824    0.965389  0.00106703
     2.42389      0.9454  0.00113769
     2.44954    0.928709  0.00103287
     2.47519    0.916131  0.00128534
     2.50084    0.906779 0.000977908
     2.52649    0.893471  0.00132022
     2.55214    0.884952  0.00111678
   0.0128248           0           0
   0.0384745           0           0
   0.0641241           0           0
   0.0897737           0           0
    0.115423           0           0
    0.141073           0           0
    0.166723           0           0
    0.192372           0           0
    0.218022           0           0
    0.243672           0           0
    0.269321           0           0
    0.294971           0           0
     0.32062           0           0
     0.34627           0           0
     0.37192           0           0
    0.397569           0           0
    0.423219           0           0
    0.448869           0           0
    0.474518           0           0
    0.500168           0           0
    0.525818           0           0
    0.551467           0           0
    0.577117           0           0
    0.602767           0           0
    0.628416           0           0
    0.654066           0           0
    0.679715           0           0
    0.705365           0           0
    0.731015           0           0
    0.756664           0           0
    0.782314           0           0
    0.807964           0           0
    0.833613           0           0
    0.859263           0           0
    0.884913  1.2505e-05 6.39966e-06
    0.910562  0.00135855   6.325e-05
    0.936212   0.0237156 0.000321846
    0.961861    0.165145  0.00109464
    0.987511    0.560928  0.00312533
     1.01316     1.19658  0.00375917
     1.03881     1.85794  0.00368357
     1.06446     2.33528  0.00271383
     1.09011     2.55435  0.00198702
     1.11576     2.55258  0.00331554
     1.14141     2.41045  0.00301889
     1.16706     2.19946  0.00298026
     1.19271     1.97667  0.00308147
     1.21836     1.76101  0.00279459
     1.24401      1.5621  0.00224195
     1.26966     1.39132  0.00227923
     1.29531     1.24402   0.0018642
     1.32096     1.12581  0.00157527
     1.34661     1.02518  0.00166531
     1.37226    0.942981  0.00172627
     1.39791    0.872382  0.00141355
     1.42355    0.815881  0.00110197
      1.4492    0.771911  0.00162763
     1.47485    0.737764  0.00182147
      1.5005    0.708379  0.00134664
     1.52615    0.689157  0.00186166
      1.5518     0.67636  0.00122662
     1.57745    0.670014  0.00163589
      1.6031    0.669037  0.00139466
     1.62875    0.674934   0.0013313
      1.6544    0.685369  0.00144395
     1.68005     0.70013  0.00155774
      1.7057    0.722814  0.00132266
     1.73135    0.749403   0.0017979
       1.757    0.780144  0.00134734
     1.78265     0.81493  0.00140895
      1.8083    0.854029  0.00155928
     1.83395    0.893328   0.0014029
      1.8596    0.935643  0.00135012
     1.88525      0.9779  0.00144481
      1.9109     1.01879  0.00162312
     1.93655     1.05896  0.00135286
      1.9622     1.09621  0.00103513
     1.98785     1.13209 0.000824265
      2.0135     1.16042  0.00110789
     2.03915     1.18623  0.00138046
      2.0648     1.20431  0.00108528
     2.09045     1.21487 0.000945712
      2.1161     1.21746  0.00112226
     2.14174     1.21044 0.000987438
     2.16739     1.19659  0.00110565
     2.19304     1.17773  0.00105268
     2.21869     1.15145  0.00121527
     2.24434     1.12403  0.00130146
     2.26999     1.09581 0.000958601
     2.29564      1.0674 0.000785188
     2.32129     1.03826  0.00121598
     2.34694     1.01273  0.00063218
     2.37259    0.987536   0.0010496
     2.39824    0.965438 0.000991919
     2.42389    0.945539   0.0010648
     2.44954    0.928471 0.000986022
     2.47519    0.915903   0.0012136
     2.50084    0.906359  0.00099443
     2.52649    0.893349  0.00123153
     2.55214     0.88464  0.00107963
   0.0128248           0           0
   0.0384745           0           0
   0.0641241           0           0
   0.0897737           0           0
    0.115423           0           0
    0.141073           0           0
    0.166723           0           0
    0.192372           0           0
    0.218022           0           0
    0.243672           0           0
    0.269321           0           0
    0.294971           0           0
     0.32062           0           0
     0.34627           0           0
     0.37192           0           0
    0.397569           0           0
    0.423219           0           0
    0.448869           0           0
    0.474518           0           0
    0.500168           0           0
    0.525818           0           0
    0.551467           0           0
    0.577117           0           0
    0.602767           0           0
    0.628416           0           0
    0.654066           0           0
    0.679715           0           0
    0.705365           0           0
    0.731015           0           0
    0.756664           0           0
    0.782314           0           0
    0.807964           0           0
    0.833613           0           0
    0.859263           0           0
    0.884913 1.16714e-05 6.02707e-06
    0.910562  0.00137191 6.04284e-05
    0.936212   0.0238136 0.000314979
    0.961861    0.165364  0.00104318
    0.987511    0.561046  0.00291916
     1.01316     1.19732  0.00358134
     1.03881     1.85917  0.00363578
     1.06446     2.33607  0.00264346
     1.09011     2.55476  0.00189653
     1.11576     2.55229  0.00310749
     1.14141     2.40957  0.00294236
     1.16706     2.19865  0.00288963
     1.19271     1.97703  0.00289675
     1.21836      1.7611  0.00260958
     1.24401     1.56171  0.00212572
     1.26966     1.39069  0.00221234
     1.29531     1.24321  0.00190705
     1.32096     1.12555  0.00149152
     1.34661     1.02473  0.00161579
     1.37226    0.943028  0.00161183
     1.39791    0.872499  0.00132415
     1.42355    0.815853  0.00102885
      1.4492    0.772546  0.00163829
     1.47485     0.73777  0.00170005
      1.5005    0.708691   0.0012924
     1.52615    0.689578  0.00178453
      1.5518    0.676453  0.00114831
     1.57745    0.669851  0.00153494
      1.6031    0.669161  0.00130718
     1.62875    0.675111  0.00125429
      1.6544    0.685331  0.00134819
     1.68005    0.700656   0.0015402
      1.7057    0.722566  0.00125762
     1.73135    0.749721  0.00170599
       1.757    0.780196  0.00125851
     1.78265    0.815002  0.00131686
      1.8083    0.853621  0.00150779
     1.83395    0.893353  0.00130959
      1.8596    0.935667  0.00126033
     1.88525    0.977945   0.0013492
      1.9109     1.01898  0.00152554
     1.93655     1.05869  0.00128958
      1.9622     1.09633 0.000973279
     1.98785     1.13197 0.000777446
      2.0135     1.16034  0.00103687
     2.03915     1.18612  0.00129265
      2.0648     1.20428   0.0010136
     2.09045      1.2148  0.00088554
      2.1161     1.21733  0.00105551
     2.14174      1.2102 0.000951261
     2.16739     1.19642  0.00104578
     2.19304     1.17752  0.00100395
     2.21869     1.15145  0.00113426
     2.24434     1.12382  0.00123091
     2.26999     1.09611 0.000940424
     2.29564     1.06739 0.000732953
     2.32129     1.03844  0.00114896
     2.34694     1.01261 0.000601821
     2.37259    0.987623 0.000983173
     2.39824    0.965361  0.00092877
     2.42389    0.945724  0.00100977
     2.44954     0.92842 0.000921631
     2.47519    0.916043  0.00114081
     2.50084    0.906416 0.000929817
     2.52649    0.893398  0.00115041
     2.55214    0.884607  0.00100815
   0.0128248           0           0
   0.0384745           0           0
   0.0641241           0           0
   0.0897737           0           0
    0.115423           0           0
    0.141073           0           0
    0.166723           0           0
    0.192372           0           0
    0.218022           0           0
    0.243672           0           0
    0.269321           0           0
    0.294971           0           0
     0.32062           0           0
     0.34627           0           0
     0.37192           0           0
    0.397569           0           0
    0.423219           0           0
    0.448869           0           0
    0.474518           0           0
    0.500168           0           0
    0.525818           0           0
    0.551467           0           0
    0.577117           0           0
    0.602767           0           0
    0.628416           0           0
    0.654066           0           0
    0.679715           0           0
    0.705365           0           0
    0.731015           0           0
    0.756664           0           0
    0.782314           0           0
    0.807964           0           0
    0.833613           0           0
    0.859263           0           0
    0.884913 1.09419e-05 5.69435e-06
    0.910562  0.00134463 6.25077e-05
    0.936212   0.0238269 0.000295573
    0.961861    0.165112  0.00100785
    0.987511    0.561322  0.00274974
     1.01316     1.19688  0.00338536
     1.03881      1.8606  0.00368153
     1.06446     2.33546  0.00254784
     1.09011     2.55531  0.00185547
     1.11576     2.55254  0.00292385
     1.14141     2.40945   0.0027608
     1.16706     2.19894  0.00272383
     1.19271     1.97655  0.00275622
     1.21836     1.76091   0.0024532
     1.24401     1.56114  0.00206682
     1.26966     1.39038   0.0020949
     1.29531     1.24273  0.00184658
     1.32096     1.12508  0.00147152
     1.34661     1.02457  0.00152213
     1.37226    0.941976  0.00182243
     1.39791     0.87217   0.0012815
     1.42355     0.81597 0.000971173
      1.4492    0.772543   0.0015359
     1.47485    0.737589  0.00160347
      1.5005    0.708691  0.00121163
     1.52615    0.689789  0.00168542
      1.5518    0.676814  0.00113207
     1.57745    0.670159  0.00146965
      1.6031     0.66986  0.00139976
     1.62875    0.675724  0.00131693
      1.6544    0.686023  0.00143074
     1.68005    0.700947  0.00147108
      1.7057    0.722535  0.00117938
     1.73135    0.749514  0.00161185
       1.757    0.780118   0.0011823
     1.78265    0.815035  0.00123496
      1.8083    0.853896  0.00143838
     1.83395    0.893339  0.00122782
      1.8596    0.935592  0.00118378
     1.88525    0.977968  0.00126507
      1.9109     1.01901  0.00143041
     1.93655     1.05862  0.00121089
      1.9622     1.09605 0.000950733
     1.98785     1.13167 0.000785357
      2.0135     1.16029 0.000973453
     2.03915     1.18663  0.00130771
      2.0648     1.20442  0.00096102
     2.09045     1.21482 0.000830376
      2.1161     1.21729 0.000990274
     2.14174     1.20952  0.00110757
     2.16739     1.19615  0.00101429
     2.19304     1.17723  0.00098161
     2.21869     1.15116  0.00109946
     2.24434     1.12378  0.00115463
     2.26999     1.09614 0.000882148
     2.29564      1.0673 0.000693034
     2.32129     1.03846  0.00107721
     2.34694     1.01233 0.000623308
     2.37259    0.987782 0.000934627
     2.39824    0.965714 0.000935477
     2.42389    0.946037 0.000994189
     2.44954    0.928415 0.000864043
     2.47519    0.916176  0.00107721
     2.50084    0.906578  0.00088558
     2.52649     0.89361   0.0010979
     2.55214    0.884677 0.000947517
   0.0128248           0           0
   0.0384745           0           0
   0.0641241           0           0
   0.0897737           0           0
    0.115423           0           0
    0.141073           0           0
    0.166723           0           0
    0.192372           0           0
    0.218022           0           0
    0.243672           0           0
    0.269321           0           0
    0.294971           0           0
     0.32062           0           0
     0.34627           0           0
     0.37192           0           0
    0.397569           0           0
    0.423219           0           0
    0.448869           0           0
    0.474518           0           0
    0.500168           0           0
    0.525818           0           0
    0.551467           0           0
    0.577117           0           0
    0.602767           0           0
    0.628416           0           0
    0.654066           0           0
    0.679715           0           0
    0.705365           0           0
    0.731015           0           0
    0.756664           0           0
    0.782314           0           0
    0.807964           0           0
    0.833613           0           0
    0.859263           0           0
    0.884913 1.60195e-05 7.27933e-06
    0.910562  0.00131732 6.45212e-05
    0.936212   0.0238254  0.00027819
    0.961861    0.165047 0.000950645
    0.987511    0.560858  0.00262672
     1.01316     1.19586  0.00333596
     1.03881     1.86029  0.00347814
     1.06446     2.33515  0.00241624
     1.09011     2.55577  0.00180254
     1.11576     2.55402  0.00310099
     1.14141     2.41014  0.00268369
     1.16706     2.20005  0.00278175
     1.19271     1.97708  0.00264572
     1.21836     1.76167    0.002422
     1.24401     1.56126   0.0019484
     1.26966      1.3902  0.00197968
     1.29531     1.24246  0.00175813
     1.32096     1.12461  0.00145599
     1.34661     1.02422  0.00147292
     1.37226     0.94141   0.0018008
     1.39791    0.871719    0.001283
     1.42355    0.815548  0.00100159
      1.4492    0.772206  0.00148216
     1.47485    0.737287  0.00153738
      1.5005     0.70827  0.00121111
     1.52615    0.689615  0.00159532
      1.5518    0.676726  0.00106894
     1.57745     0.67014  0.00138333
      1.6031    0.669896  0.00131789
     1.62875    0.675411  0.00127599
      1.6544    0.686117  0.00134966
     1.68005    0.700863  0.00138692
      1.7057    0.722715  0.00112356
     1.73135     0.74943  0.00151924
       1.757    0.780025  0.00111635
     1.78265    0.815001  0.00116278
      1.8083    0.853698  0.00136727
     1.83395    0.893655  0.00119566
      1.8596    0.935708  0.00111982
     1.88525    0.978131  0.00120105
      1.9109     1.01937    0.001392
     1.93655     1.05893  0.00117865
      1.9622     1.09591 0.000906095
     1.98785     1.13165 0.000739535
      2.0135      1.1604 0.000921993
     2.03915     1.18662  0.00123079
      2.0648     1.20452 0.000909051
     2.09045     1.21511 0.000830665
      2.1161     1.21712 0.000945658
     2.14174     1.20915  0.00110155
     2.16739     1.19659  0.00104866
     2.19304     1.17724 0.000923897
     2.21869     1.15144  0.00106783
     2.24434     1.12406  0.00111888
     2.26999     1.09649 0.000896196
     2.29564     1.06736 0.000654665
     2.32129     1.03846  0.00101385
     2.34694       1.012 0.000669123
     2.37259    0.987731 0.000881065
     2.39824    0.965406 0.000929653
     2.42389     0.94636 0.000986752
     2.44954    0.928215 0.000835851
     2.47519    0.916041  0.00102224
     2.50084    0.906495 0.000837384
     2.52649    0.893329  0.00106882
     2.55214    0.884587 0.000896058
   0.0128248           0           0
   0.0384745           0           0
   0.0641241           0           0
   0.0897737           0           0
    0.115423           0           0
    0.141073           0           0
    0.166723           0           0
    0.192372           0           0
    0.218022           0           0
    0.243672           0           0
    0.269321           0           0
    0.294971           0           0
     0.32062           0           0
     0.34627           0           0
     0.37192           0           0
    0.397569           0           0
    0.423219           0           0
    0.448869           0           0
    0.474518           0           0
    0.500168           0           0
    0.525818           0           0
    0.551467           0           0
    0.577117           0           0
    0.602767           0           0
    0.628416           0           0
    0.654066           0           0
    0.679715           0           0
    0.705365           0           0
    0.731015           0           0
    0.756664           0           0
    0.782314           0           0
    0.807964           0           0
    0.833613           0           0
    0.859263           0           0
    0.884913 1.51296e-05 6.92912e-06
    0.910562  0.00130731 6.17082e-05
    0.936212   0.0239337  0.00028305
    0.961861    0.165353 0.000945679
    0.987511    0.561704  0.00261339
     1.01316     1.19681  0.00328408
     1.03881     1.86085  0.00332971
     1.06446     2.33588  0.00239043
     1.09011     2.55554   0.0017173
     1.11576     2.55299  0.00309535
     1.14141     2.40936  0.00264633
     1.16706     2.19961  0.00266208
     1.19271     1.97623  0.00263328
     1.21836     1.76129  0.00231617
     1.24401     1.56072   0.0019126
     1.26966     1.38991  0.00189094
     1.29531     1.24278  0.00168924
     1.32096     1.12463  0.00137517
     1.34661      1.0242  0.00139118
     1.37226    0.941412  0.00170076
     1.39791    0.872117  0.00127181
     1.42355     0.81596  0.00102721
      1.4492     0.77213  0.00140176
     1.47485    0.737381   0.0014549
      1.5005    0.708023  0.00116884
     1.52615    0.689589  0.00150689
      1.5518    0.676678  0.00101063
     1.57745    0.670145  0.00130649
      1.6031    0.670083  0.00125791
     1.62875    0.675513  0.00120913
      1.6544    0.685966   0.0012831
     1.68005    0.700762  0.00131359
      1.7057    0.722939  0.00108321
     1.73135    0.749626   0.0014475
       1.757    0.780013  0.00105439
     1.78265    0.815363  0.00115306
      1.8083    0.853518  0.00130322
     1.83395    0.893636  0.00112939
      1.8596    0.935662  0.00105853
     1.88525    0.978251   0.0011403
      1.9109     1.01956  0.00132724
     1.93655     1.05878  0.00112267
      1.9622     1.09623 0.000910237
     1.98785     1.13146 0.000720448
      2.0135     1.16048 0.000874583
     2.03915     1.18666  0.00116296
      2.0648     1.20451 0.000858571
     2.09045     1.21503 0.000788464
      2.1161      1.2171 0.000893323
     2.14174     1.20897   0.0010555
     2.16739     1.19602  0.00113888
     2.19304     1.17707 0.000886894
     2.21869     1.15112  0.00105304
     2.24434     1.12376  0.00109461
     2.26999     1.09637 0.000854362
     2.29564      1.0672  0.00063553
     2.32129     1.03836 0.000961871
     2.34694      1.0119 0.000639866
     2.37259    0.987775 0.000833219
     2.39824    0.965493 0.000882005
     2.42389    0.946417 0.000933553
     2.44954    0.928733 0.000936172
     2.47519    0.916564  0.00109074
     2.50084    0.906764 0.000833149
     2.52649    0.893608   0.0010452
     2.55214    0.884967 0.000923406
   0.0128248           0           0
   0.0384745           0           0
   0.0641241           0           0
   0.0897737           0           0
    0.115423           0           0
    0.141073           0           0
    0.166723           0           0
    0.192372           0           0
    0.218022           0           0
    0.243672           0           0
    0.269321           0           0
    0.294971           0           0
     0.32062           0           0
     0.34627           0           0
     0.37192           0           0
    0.397569           0           0
    0.423219           0           0
    0.448869           0           0
    0.474518           0           0
    0.500168           0           0
    0.525818           0           0
    0.551467           0           0
    0.577117           0           0
    0.602767           0           0
    0.628416           0           0
    0.654066           0           0
    0.679715           0           0
    0.705365           0           0
    0.731015           0           0
    0.756664           0           0
    0.782314           0           0
    0.807964           0           0
    0.833613           0           0
    0.859263           0           0
    0.884913 1.43333e-05 6.61002e-06
    0.910562  0.00130125 5.87572e-05
    0.936212    0.023904 0.000269715
    0.961861    0.165198 0.000908551
    0.987511    0.561441  0.00248904
     1.01316     1.19667  0.00311408
     1.03881     1.86034  0.00319371
     1.06446     2.33514  0.00237746
     1.09011     2.55554  0.00162693
     1.11576     2.55358  0.00298878
     1.14141     2.40933  0.00250722
     1.16706     2.19955  0.00252266
     1.19271     1.97541  0.00261777
     1.21836     1.76085  0.00223548
     1.24401     1.56082   0.0018145
     1.26966     1.38942   0.0018522
     1.29531     1.24282  0.00160101
     1.32096     1.12442  0.00131813
     1.34661     1.02434  0.00132525
     1.37226     0.94149  0.00161306
     1.39791    0.872605  0.00129531
     1.42355    0.816295  0.00102621
      1.4492    0.772324  0.00134133
     1.47485    0.737281  0.00138179
      1.5005    0.708589  0.00123696
     1.52615    0.689929  0.00146526
      1.5518    0.676937 0.000990225
     1.57745    0.670679  0.00134227
      1.6031    0.670228  0.00120002
     1.62875    0.675759  0.00117036
      1.6544    0.685984  0.00121569
     1.68005    0.700946  0.00125733
      1.7057    0.723015  0.00102886
     1.73135    0.749594  0.00137166
       1.757    0.779894  0.00100565
     1.78265    0.815125   0.0011166
      1.8083    0.853197  0.00127348
     1.83395    0.893545  0.00107365
      1.8596     0.93583  0.00101596
     1.88525    0.977987  0.00111029
      1.9109      1.0193  0.00128134
     1.93655     1.05849  0.00110023
      1.9622     1.09593 0.000909799
     1.98785     1.13104 0.000797887
      2.0135     1.16037 0.000835669
     2.03915     1.18662  0.00110241
      2.0648     1.20423 0.000857529
     2.09045     1.21462 0.000847928
      2.1161     1.21679 0.000898198
     2.14174     1.20888  0.00100403
     2.16739      1.1957  0.00112103
     2.19304     1.17707 0.000840215
     2.21869     1.15117 0.000998676
     2.24434     1.12402  0.00106733
     2.26999     1.09653 0.000824058
     2.29564     1.06744 0.000645424
     2.32129     1.03837 0.000911254
     2.34694     1.01198 0.000612139
     2.37259     0.98789 0.000797231
     2.39824    0.965796 0.000886358
     2.42389    0.946473 0.000886106
     2.44954    0.929271  0.00102979
     2.47519     0.91691  0.00108697
     2.50084     0.90715 0.000873899
     2.52649    0.893842  0.00101614
     2.55214    0.885365 0.000956856
   0.0128248           0           0
   0.0384745           0           0
   0.0641241           0           0
   0.0897737           0           0
    0.115423           0           0
    0.141073           0           0
    0.166723           0           0
    0.192372           0           0
    0.218022           0           0
    0.243672           0           0
    0.269321           0           0
    0.294971           0           0
     0.32062           0           0
     0.34627           0           0
     0.37192           0           0
    0.397569           0           0
    0.423219           0           0
    0.448869           0           0
    0.474518           0           0
    0.500168           0           0
    0.525818           0           0
    0.551467           0           0
    0.577117           0           0
    0.602767           0           0
    0.628416           0           0
    0.654066           0           0
    0.679715           0           0
    0.705365           0           0
    0.731015           0           0
    0.756664           0           0
    0.782314           0           0
    0.807964           0           0
    0.833613           0           0
    0.859263           0           0
    0.884913 1.55618e-05 6.39267e-06
    0.910562  0.00129213 5.65231e-05
    0.936212   0.0238754 0.000257734
    0.961861    0.165298 0.000868652
    0.987511    0.561398  0.00236495
     1.01316     1.19665  0.00295844
     1.03881     1.86041   0.0030348
     1.06446     2.33509  0.00225918
     1.09011      2.5553  0.00156389
     1.11576     2.55359  0.00283936
     1.14141     2.40955  0.00239107
     1.16706     2.19996  0.00242973
     1.19271     1.97559  0.00249315
     1.21836     1.76052  0.00214821
     1.24401     1.56077   0.0017246
     1.26966     1.38993  0.00182605
     1.29531     1.24287  0.00152155
     1.32096     1.12433  0.00125531
     1.34661     1.02451  0.00126916
     1.37226    0.941323  0.00154105
     1.39791    0.872522  0.00123318
     1.42355    0.816401 0.000980439
      1.4492    0.771946  0.00132634
     1.47485    0.737369  0.00131552
      1.5005    0.708478  0.00118011
     1.52615    0.689627  0.00142272
      1.5518     0.67671 0.000966515
     1.57745    0.670464   0.0012923
      1.6031    0.670083  0.00114877
     1.62875    0.675527  0.00113469
      1.6544    0.685587  0.00121782
     1.68005    0.700665  0.00122537
      1.7057    0.723038 0.000977682
     1.73135     0.74969  0.00130641
       1.757    0.780008 0.000961839
     1.78265    0.815295  0.00107359
      1.8083     0.85333  0.00121676
     1.83395    0.893857  0.00106446
      1.8596    0.936196  0.00102898
     1.88525    0.978193  0.00107362
      1.9109     1.01957  0.00124401
     1.93655     1.05881  0.00109265
      1.9622     1.09627 0.000927684
     1.98785     1.13096 0.000761749
      2.0135     1.16056 0.000814395
     2.03915     1.18673  0.00105234
      2.0648     1.20421 0.000814841
     2.09045      1.2144 0.000832648
      2.1161     1.21652  0.00089471
     2.14174     1.20846  0.00103777
     2.16739     1.19553  0.00107879
     2.19304     1.17689 0.000817927
     2.21869     1.15107 0.000953499
     2.24434     1.12378  0.00104188
     2.26999     1.09654 0.000782952
     2.29564     1.06737 0.000617151
     2.32129     1.03842 0.000867027
     2.34694     1.01222 0.000625084
     2.37259    0.988237 0.000829551
     2.39824     0.96596  0.00085707
     2.42389    0.946649 0.000859129
     2.44954     0.92948 0.000999363
     2.47519    0.916909  0.00103262
     2.50084    0.907101 0.000831577
     2.52649     0.89404 0.000984507
     2.55214    0.885267 0.000914028
   0.0128248           0           0
   0.0384745           0           0
   0.0641241           0           0
   0.0897737           0           0
    0.115423           0           0
    0.141073           0           0
    0.166723           0           0
    0.192372           0           0
    0.218022           0           0
    0.243672           0           0
    0.269321           0           0
    0.294971           0           0
     0.32062           0           0
     0.34627           0           0
     0.37192           0           0
    0.397569           0           0
    0.423219           0           0
    0.448869           0           0
    0.474518           0           0
    0.500168           0           0
    0.525818           0           0
    0.551467           0           0
    0.577117           0           0
    0.602767           0           0
    0.628416           0           0
    0.654066           0           0
    0.679715           0           0
    0.705365           0           0
    0.731015           0           0
    0.756664           0           0
    0.782314           0           0
    0.807964           0           0
    0.833613           0           0
    0.859263           0           0
    0.884913 1.48208e-05 6.13106e-06
    0.910562  0.00127776 5.56275e-05
    0.936212   0.0238084 0.000254036
    0.961861    0.165173 0.000836278
    0.987511    0.561421  0.00225244
     1.01316     1.19661  0.00281792
     1.03881     1.85955   0.0030084
     1.06446     2.33419  0.00232317
     1.09011     2.55533  0.00148973
     1.11576     2.55386  0.00271717
     1.14141     2.40942  0.00228071
     1.16706     2.20061  0.00239948
     1.19271     1.97634  0.00248339
     1.21836     1.76121  0.00215361
     1.24401     1.56156  0.00181502
     1.26966     1.39041  0.00180122
     1.29531     1.24315  0.00147559
     1.32096     1.12435  0.00119572
     1.34661     1.02404  0.00129392
     1.37226     0.94154   0.0014829
     1.39791    0.872404  0.00118011
     1.42355    0.816407 0.000933767
      1.4492    0.771903  0.00126388
     1.47485    0.737488   0.0012582
      1.5005    0.708548  0.00112597
     1.52615    0.689607   0.0013551
      1.5518    0.676411 0.000965549
     1.57745    0.670257  0.00124713
      1.6031    0.669944  0.00110237
     1.62875    0.675283  0.00110655
      1.6544    0.685593  0.00115984
     1.68005    0.700621  0.00116782
      1.7057     0.72293 0.000937072
     1.73135     0.74934  0.00129024
       1.757    0.779825 0.000933233
     1.78265    0.814906   0.0010906
      1.8083    0.853235  0.00116251
     1.83395    0.893569  0.00105199
      1.8596    0.935983  0.00100166
     1.88525    0.977947  0.00105026
      1.9109     1.01952  0.00118551
     1.93655     1.05868  0.00104863
      1.9622     1.09606 0.000908905
     1.98785      1.1308 0.000742683
      2.0135     1.16066  0.00078212
     2.03915     1.18674  0.00100229
      2.0648     1.20447  0.00081669
     2.09045     1.21475 0.000863169
      2.1161     1.21677 0.000888512
     2.14174     1.20872  0.00102167
     2.16739     1.19612  0.00117962
     2.19304     1.17734 0.000894312
     2.21869     1.15161  0.00104625
     2.24434     1.12425   0.0010936
     2.26999     1.09684 0.000802638
     2.29564     1.06766 0.000651885
     2.32129     1.03845  0.00082654
     2.34694     1.01192 0.000661625
     2.37259    0.988066 0.000807526
     2.39824    0.965639 0.000874315
     2.42389    0.946453 0.000840295
     2.44954    0.929414 0.000953965
     2.47519    0.916734 0.000998089
     2.50084    0.906913 0.000812808
     2.52649    0.893863 0.000953391
     2.55214    0.885039 0.000898554
   0.0128248           0           0
   0.0384745           0           0
   0.0641241           0           0
   0.0897737           0           0
    0.115423           0           0
    0.141073           0           0
    0.166723           0           0
    0.192372           0           0
    0.218022           0           0
    0.243672           0           0
    0.269321           0           0
    0.294971           0           0
     0.32062           0           0
     0.34627           0           0
     0.37192           0           0
    0.397569           0           0
    0.423219           0           0
    0.448869           0           0
    0.474518           0           0
    0.500168           0           0
    0.525818           0           0
    0.551467           0           0
    0.577117           0           0
    0.602767           0           0
    0.628416           0           0
    0.654066           0           0
    0.679715           0           0
    0.705365           0           0
    0.731015           0           0
    0.756664           0           0
    0.782314           0           0
    0.807964           0           0
    0.833613           0           0
    0.859263           0           0
    0.884913 1.41471e-05 5.88927e-06
    0.910562  0.00127804 5.30997e-05
    0.936212   0.0238482  0.00024559
    0.961861    0.165264 0.000803191
    0.987511    0.561575  0.00215532
     1.01316     1.19737  0.00279116
     1.03881     1.85965  0.00287322
     1.06446     2.33375  0.00225839
     1.09011     2.55536  0.00142223
     1.11576     2.55242  0.00294976
     1.14141     2.40912  0.00219664
     1.16706     2.20004  0.00235769
     1.19271     1.97575  0.00243851
     1.21836     1.76035  0.00221979
     1.24401     1.56162  0.00173343
     1.26966     1.39038  0.00171949
     1.29531     1.24365  0.00148847
     1.32096     1.12479   0.0012178
     1.34661     1.02423  0.00124912
     1.37226    0.941758  0.00143137
     1.39791    0.872701   0.0011632
     1.42355    0.816678 0.000929732
      1.4492    0.772501  0.00134042
     1.47485    0.737744  0.00122683
      1.5005    0.708981  0.00115533
     1.52615    0.689903  0.00132542
      1.5518    0.676669 0.000955563
     1.57745    0.670481  0.00121038
      1.6031    0.669822  0.00105905
     1.62875    0.675424  0.00106524
      1.6544    0.685415  0.00112057
     1.68005    0.700603  0.00111488
      1.7057    0.722657 0.000933475
     1.73135    0.749234  0.00123592
       1.757    0.779514 0.000941331
     1.78265    0.814811  0.00104513
      1.8083    0.853187  0.00111067
     1.83395    0.893385  0.00102025
      1.8596    0.935596  0.00102819
     1.88525    0.977924  0.00100278
      1.9109     1.01915  0.00118982
     1.93655      1.0584  0.00103893
      1.9622     1.09571 0.000930825
     1.98785     1.13062 0.000729374
      2.0135      1.1607 0.000747674
     2.03915     1.18675 0.000956781
      2.0648     1.20424 0.000813531
     2.09045     1.21466 0.000828232
      2.1161     1.21683     0.00085
     2.14174      1.2086 0.000982607
     2.16739     1.19583  0.00116158
     2.19304     1.17742 0.000857625
     2.21869     1.15156 0.000999756
     2.24434     1.12453  0.00107904
     2.26999     1.09705 0.000791419
     2.29564     1.06788 0.000657149
     2.32129     1.03881 0.000861927
     2.34694     1.01239  0.00077913
     2.37259    0.988303 0.000804956
     2.39824    0.965983 0.000899563
     2.42389    0.946813 0.000875703
     2.44954    0.929469 0.000912177
     2.47519    0.916831 0.000957395
     2.50084    0.907083 0.000793364
     2.52649    0.894035 0.000925321
     2.55214    0.885062    0.000858
   0.0128248           0           0
   0.0384745           0           0
   0.0641241           0           0
   0.0897737           0           0
    0.115423           0           0
    0.141073           0           0
    0.166723           0           0
    0.192372           0           0
    0.218022           0           0
    0.243672           0           0
    0.269321           0           0
    0.294971           0           0
     0.32062           0           0
     0.34627           0           0
     0.37192           0           0
    0.397569           0           0
    0.423219           0           0
    0.448869           0           0
    0.474518           0           0
    0.500168           0           0
    0.525818           0           0
    0.551467           0           0
    0.577117           0           0
    0.602767           0           0
    0.628416           0           0
    0.654066           0           0
    0.679715           0           0
    0.705365           0           0
    0.731015           0           0
    0.756664           0           0
    0.782314           0           0
    0.807964           0           0
    0.833613           0           0
    0.859263           0           0
    0.884913  1.3532e-05 5.66525e-06
    0.910562  0.00129344 5.29785e-05
    0.936212   0.0238002 0.000239556
    0.961861    0.165047 0.000797029
    0.987511    0.561584  0.00206163
     1.01316     1.19763  0.00268216
     1.03881     1.85976  0.00275023
     1.06446     2.33349  0.00217518
     1.09011     2.55526  0.00136363
     1.11576     2.55234  0.00282266
     1.14141     2.40995  0.00225459
     1.16706     2.20002  0.00225528
     1.19271     1.97578  0.00233259
     1.21836      1.7601  0.00213798
     1.24401     1.56123  0.00170063
     1.26966     1.39032  0.00164591
     1.29531       1.244  0.00146572
     1.32096     1.12446  0.00120769
     1.34661     1.02415  0.00119708
     1.37226    0.941808  0.00137002
     1.39791    0.872632   0.0011147
     1.42355     0.81646  0.00091454
      1.4492    0.772653  0.00129075
     1.47485     0.73763  0.00117874
      1.5005    0.708888  0.00110884
     1.52615    0.689961  0.00126903
      1.5518    0.676698 0.000914458
     1.57745    0.670664  0.00117138
      1.6031    0.669731   0.0010169
     1.62875    0.675546  0.00102586
      1.6544    0.685395  0.00107204
     1.68005    0.700733    0.001074
      1.7057    0.722736 0.000896266
     1.73135    0.749278  0.00118295
       1.757    0.779884 0.000970493
     1.78265    0.814854  0.00100056
      1.8083    0.853149  0.00106304
     1.83395    0.893436 0.000977158
      1.8596    0.935711 0.000989841
     1.88525    0.977818 0.000964786
      1.9109     1.01901  0.00114627
     1.93655     1.05839 0.000993797
      1.9622     1.09551 0.000911325
     1.98785     1.13032  0.00075731
      2.0135     1.16073 0.000715918
     2.03915     1.18679  0.00091595
      2.0648      1.2043 0.000780437
     2.09045     1.21452 0.000803553
      2.1161     1.21668 0.000825688
     2.14174     1.20852 0.000943018
     2.16739      1.1957  0.00111858
     2.19304     1.17717 0.000857177
     2.21869     1.15141 0.000967557
     2.24434     1.12463  0.00103713
     2.26999      1.0971 0.000758503
     2.29564     1.06776  0.00063943
     2.32129       1.039 0.000845124
     2.34694      1.0126 0.000772148
     2.37259    0.988425 0.000779193
     2.39824    0.966193 0.000884574
     2.42389    0.946978 0.000853052
     2.44954    0.929681   0.0008968
     2.47519    0.917106 0.000954566
     2.50084    0.907353 0.000803552
     2.52649     0.89414 0.000891005
     2.55214     0.88509 0.000821181
   0.0128248           0           0
   0.0384745           0           0
   0.0641241           0           0
   0.0897737           0           0
    0.115423           0           0
    0.141073           0           0
    0.166723           0           0
    0.192372           0           0
    0.218022           0           0
    0.243672           0           0
    0.269321           0           0
    0.294971           0           0
     0.32062           0           0
     0.34627           0           0
     0.37192           0           0
    0.397569           0           0
    0.423219           0           0
    0.448869           0           0
    0.474518           0           0
    0.500168           0           0
    0.525818           0           0
    0.551467           0           0
    0.577117           0           0
    0.602767           0           0
    0.628416           0           0
    0.654066           0           0
    0.679715           0           0
    0.705365           0           0
    0.731015           0           0
    0.756664           0           0
    0.782314           0           0
    0.807964           0           0
    0.833613           0           0
    0.859263           0           0
    0.884913 1.37787e-05 5.43456e-06
    0.910562  0.00129763 5.09362e-05
    0.936212   0.0237742 0.000230976
    0.961861    0.165049 0.000763823
    0.987511    0.561382  0.00198566
     1.01316     1.19764   0.0025704
     1.03881     1.85987  0.00263782
     1.06446     2.33391  0.00212428
     1.09011     2.55603   0.0015064
     1.11576     2.55244  0.00270666
     1.14141     2.41008  0.00216403
     1.16706     2.20019  0.00216794
     1.19271     1.97545  0.00225744
     1.21836     1.75977   0.0020734
     1.24401     1.56062  0.00173532
     1.26966     1.39018  0.00158351
     1.29531     1.24332  0.00155537
     1.32096       1.124  0.00124266
     1.34661       1.024  0.00115697
     1.37226     0.94144  0.00136158
     1.39791    0.872417   0.0010888
     1.42355    0.816742 0.000918908
      1.4492    0.772661  0.00123699
     1.47485    0.737673  0.00113039
      1.5005    0.708955  0.00106467
     1.52615    0.690186  0.00123611
      1.5518    0.676892 0.000896569
     1.57745    0.671143   0.0012169
      1.6031    0.670086  0.00103461
     1.62875    0.675772   0.0010077
      1.6544    0.685621  0.00105095
     1.68005    0.700974  0.00105589
      1.7057    0.722988 0.000893537
     1.73135    0.749401  0.00114009
       1.757    0.779934 0.000931328
     1.78265    0.814937 0.000962346
      1.8083     0.85312  0.00101914
     1.83395    0.893432 0.000936448
      1.8596    0.935707 0.000948603
     1.88525    0.977911 0.000929125
      1.9109     1.01883  0.00111161
     1.93655     1.05852 0.000961662
      1.9622      1.0951 0.000962176
     1.98785      1.1301 0.000759059
      2.0135     1.16087 0.000698521
     2.03915     1.18676 0.000878089
      2.0648     1.20431 0.000748041
     2.09045     1.21466 0.000781085
      2.1161     1.21682 0.000802268
     2.14174     1.20852 0.000903726
     2.16739     1.19571   0.0010721
     2.19304     1.17696 0.000847851
     2.21869     1.15129 0.000934496
     2.24434     1.12431  0.00104173
     2.26999     1.09676  0.00079703
     2.29564     1.06773 0.000613296
     2.32129     1.03856 0.000914686
     2.34694     1.01262 0.000740446
     2.37259    0.988355 0.000749912
     2.39824    0.965967 0.000876071
     2.42389     0.94684 0.000828582
     2.44954    0.929678 0.000859437
     2.47519    0.917108 0.000914794
     2.50084    0.907731 0.000854181
     2.52649    0.894173 0.000854501
     2.55214    0.885202 0.000794511
   0.0128248           0           0
   0.0384745           0           0
   0.0641241           0           0
   0.0897737           0           0
    0.115423           0           0
    0.141073           0           0
    0.166723           0           0
    0.192372           0           0
    0.218022           0           0
    0.243672           0           0
    0.269321           0           0
    0.294971           0           0
     0.32062           0           0
     0.34627           0           0
     0.37192           0           0
    0.397569           0           0
    0.423219           0           0
    0.448869           0           0
    0.474518           0           0
    0.500168           0           0
    0.525818           0           0
    0.551467           0           0
    0.577117           0           0
    0.602767           0           0
    0.628416           0           0
    0.654066           0           0
    0.679715           0           0
    0.705365           0           0
    0.731015           0           0
    0.756664           0           0
    0.782314           0           0
    0.807964           0           0
    0.833613           0           0
    0.859263           0           0
    0.884913 1.32276e-05 5.24505e-06
    0.910562  0.00129341 4.90731e-05
    0.936212   0.0238432 0.000231806
    0.961861    0.165253 0.000760083
    0.987511    0.561456  0.00190763
     1.01316     1.19807  0.00250464
     1.03881     1.85989  0.00253239
     1.06446     2.33352  0.00207457
     1.09011     2.55585  0.00145593
     1.11576     2.55199  0.00263443
     1.14141     2.40997  0.00207991
     1.16706      2.1997  0.00213606
     1.19271     1.97545  0.00216714
     1.21836     1.76006  0.00201078
     1.24401     1.56081  0.00167624
     1.26966     1.39021  0.00152055
     1.29531     1.24356  0.00151152
     1.32096     1.12415  0.00120198
     1.34661     1.02422  0.00113146
     1.37226    0.941604  0.00131697
     1.39791    0.872515  0.00104971
     1.42355    0.816818 0.000885343
      1.4492     0.77288  0.00120677
     1.47485    0.737803  0.00109263
      1.5005    0.709125   0.0010356
     1.52615    0.690364  0.00119931
      1.5518    0.676925 0.000861318
     1.57745     0.67097  0.00118051
      1.6031    0.669942  0.00100314
     1.62875    0.675668 0.000972761
      1.6544    0.685518    0.001014
     1.68005    0.700943  0.00101409
      1.7057     0.72293 0.000859674
     1.73135    0.749269  0.00110211
       1.757    0.780155 0.000920036
     1.78265     0.81511 0.000939249
      1.8083    0.853083 0.000979033
     1.83395    0.893491 0.000900852
      1.8596    0.935548 0.000923956
     1.88525     0.97759 0.000945843
      1.9109     1.01889   0.0010688
     1.93655     1.05838 0.000933961
      1.9622     1.09505 0.000924905
     1.98785     1.12978 0.000791277
      2.0135     1.16091 0.000672099
     2.03915     1.18665 0.000850681
      2.0648      1.2043 0.000718178
     2.09045     1.21463 0.000750337
      2.1161       1.217 0.000791119
     2.14174     1.20857 0.000868885
     2.16739     1.19571  0.00102923
     2.19304     1.17716 0.000837529
     2.21869     1.15138 0.000901513
     2.24434     1.12435  0.00100074
     2.26999     1.09682 0.000767314
     2.29564     1.06782 0.000594968
     2.32129     1.03889 0.000935353
     2.34694     1.01289 0.000755987
     2.37259    0.988667 0.000781958
     2.39824    0.966111 0.000852837
     2.42389    0.946677 0.000811245
     2.44954    0.929752  0.00082821
     2.47519     0.91707 0.000879018
     2.50084    0.907452 0.000864312
     2.52649    0.894074 0.000826035
     2.55214    0.885144 0.000764844
   0.0128248           0           0
   0.0384745           0           0
   0.0641241           0           0
   0.0897737           0           0
    0.115423           0           0
    0.141073           0           0
    0.166723           0           0
    0.192372           0           0
    0.218022           0           0
    0.243672           0           0
    0.269321           0           0
    0.294971           0           0
     0.32062           0           0
     0.34627           0           0
     0.37192           0           0
    0.397569           0           0
    0.423219           0           0
    0.448869           0           0
    0.474518           0           0
    0.500168           0           0
    0.525818           0           0
    0.551467           0           0
    0.577117           0           0
    0.602767           0           0
    0.628416           0           0
    0.654066           0           0
    0.679715           0           0
    0.705365           0           0
    0.731015           0           0
    0.756664           0           0
    0.782314           0           0
    0.807964           0           0
    0.833613           0           0
    0.859263           0           0
    0.884913 1.27188e-05 5.06793e-06
    0.910562  0.00129375 4.71869e-05
    0.936212   0.0238256 0.000223559
    0.961861    0.165294 0.000731956
    0.987511    0.561585  0.00183857
     1.01316     1.19833  0.00242095
     1.03881     1.85961  0.00245019
     1.06446     2.33367  0.00200012
     1.09011     2.55549  0.00144483
     1.11576     2.55117   0.0026578
     1.14141     2.40963  0.00202842
     1.16706     2.19957  0.00205795
     1.19271     1.97517  0.00210183
     1.21836     1.76001  0.00193417
     1.24401      1.5607  0.00161542
     1.26966     1.39031  0.00146529
     1.29531     1.24334  0.00146868
     1.32096     1.12453    0.001214
     1.34661     1.02418  0.00108845
     1.37226    0.941634  0.00126667
     1.39791    0.872203  0.00105475
     1.42355    0.816936 0.000859039
      1.4492    0.772898  0.00116048
     1.47485    0.738195  0.00111862
      1.5005    0.709363  0.00102261
     1.52615    0.690708  0.00120157
      1.5518    0.677113 0.000848572
     1.57745    0.671456  0.00123108
      1.6031    0.670288  0.00102238
     1.62875    0.675891 0.000960719
      1.6544    0.685671 0.000986544
     1.68005    0.701135 0.000993127
      1.7057    0.723191  0.00086538
     1.73135    0.749206  0.00106151
       1.757    0.779927 0.000912616
     1.78265    0.814952 0.000916418
      1.8083    0.852826  0.00097456
     1.83395     0.89326 0.000895408
      1.8596    0.935363 0.000906704
     1.88525    0.977121  0.00101899
      1.9109     1.01854  0.00108629
     1.93655     1.05802 0.000965307
      1.9622      1.0948 0.000921554
     1.98785     1.12968 0.000767211
      2.0135     1.16088 0.000647313
     2.03915      1.1867 0.000819421
      2.0648     1.20439 0.000696094
     2.09045     1.21461 0.000721674
      2.1161     1.21716 0.000775982
     2.14174     1.20881 0.000867538
     2.16739     1.19577 0.000991375
     2.19304      1.1771 0.000807534
     2.21869     1.15148 0.000872327
     2.24434     1.12436  0.00096229
     2.26999     1.09673 0.000743302
     2.29564      1.0679 0.000577509
     2.32129     1.03907 0.000915516
     2.34694       1.013 0.000734784
     2.37259    0.988659 0.000751916
     2.39824     0.96612 0.000820079
     2.42389    0.946759  0.00078413
     2.44954    0.929774 0.000796659
     2.47519    0.917115 0.000846398
     2.50084    0.907631 0.000849401
     2.52649    0.894028 0.000795528
     2.55214     0.88523 0.000740234
   0.0128248           0           0
   0.0384745           0           0
   0.0641241           0           0
   0.0897737           0           0
    0.115423           0           0
    0.141073           0           0
    0.166723           0           0
    0.192372           0           0
    0.218022           0           0
    0.243672           0           0
    0.269321           0           0
    0.294971           0           0
     0.32062           0           0
     0.34627           0           0
     0.37192           0           0
    0.397569           0           0
    0.423219           0           0
    0.448869           0           0
    0.474518           0           0
    0.500168           0           0
    0.525818           0           0
    0.551467           0           0
    0.577117           0           0
    0.602767           0           0
    0.628416           0           0
    0.654066           0           0
    0.679715           0           0
    0.705365           0           0
    0.731015           0           0
    0.756664           0           0
    0.782314           0           0
    0.807964           0           0
    0.833613           0           0
    0.859263           0           0
    0.884913 1.29682e-05 4.88636e-06
    0.910562  0.00128999 4.55889e-05
    0.936212   0.0237977 0.000217008
    0.961861    0.165211  0.00070958
    0.987511    0.561832  0.00178709
     1.01316      1.1983  0.00233139
     1.03881     1.85923  0.00238827
     1.06446     2.33411  0.00197303
     1.09011     2.55539  0.00139473
     1.11576     2.55093  0.00257026
     1.14141      2.4098  0.00196107
     1.16706     2.19946  0.00198474
     1.19271     1.97498  0.00203251
     1.21836      1.7599  0.00186532
     1.24401     1.56102  0.00158633
     1.26966     1.39026  0.00141177
     1.29531     1.24335  0.00141431
     1.32096     1.12462  0.00117215
     1.34661      1.0243  0.00105446
     1.37226    0.941449  0.00123323
     1.39791     0.87221  0.00101571
     1.42355    0.817274 0.000891308
      1.4492    0.773105  0.00113595
     1.47485    0.738373  0.00109131
      1.5005     0.70941 0.000985814
     1.52615    0.690834  0.00116367
      1.5518    0.677166 0.000818744
     1.57745    0.671384  0.00118762
      1.6031    0.670047  0.00101245
     1.62875    0.675729 0.000938725
      1.6544    0.685557 0.000956524
     1.68005    0.700976 0.000969095
      1.7057    0.722788 0.000922364
     1.73135    0.749029   0.0010369
       1.757    0.779739 0.000898025
     1.78265    0.814995 0.000883503
      1.8083    0.852945 0.000945679
     1.83395    0.893484 0.000889885
      1.8596    0.935427 0.000875387
     1.88525    0.977187 0.000983342
      1.9109     1.01847  0.00104786
     1.93655     1.05815 0.000937996
      1.9622     1.09508 0.000927844
     1.98785     1.12979 0.000746285
      2.0135     1.16105 0.000646733
     2.03915      1.1868 0.000795545
      2.0648     1.20426 0.000682042
     2.09045     1.21454 0.000698603
      2.1161     1.21719 0.000747733
     2.14174     1.20871 0.000841133
     2.16739     1.19581  0.00095551
     2.19304     1.17687 0.000808572
     2.21869     1.15133 0.000852095
     2.24434     1.12415 0.000948757
     2.26999     1.09667 0.000718396
     2.29564      1.0677 0.000590022
     2.32129     1.03915 0.000885415
     2.34694     1.01305 0.000709852
     2.37259    0.988635  0.00072447
     2.39824    0.966128 0.000789742
     2.42389    0.946903 0.000768152
     2.44954    0.929922 0.000780803
     2.47519    0.917317 0.000838648
     2.50084     0.90767  0.00081885
     2.52649     0.89428 0.000805085
     2.55214    0.885274  0.00071412
   0.0128248           0           0
   0.0384745           0           0
   0.0641241           0           0
   0.0897737           0           0
    0.115423           0           0
    0.141073           0           0
    0.166723           0           0
    0.192372           0           0
    0.218022           0           0
    0.243672           0           0
    0.269321           0           0
    0.294971           0           0
     0.32062           0           0
     0.34627           0           0
     0.37192           0           0
    0.397569           0           0
    0.423219           0           0
    0.448869           0           0
    0.474518           0           0
    0.500168           0           0
    0.525818           0           0
    0.551467           0           0
    0.577117           0           0
    0.602767           0           0
    0.628416           0           0
    0.654066           0           0
    0.679715           0           0
    0.705365           0           0
    0.731015           0           0
    0.756664           0           0
    0.782314           0           0
    0.807964           0           0
    0.833613           0           0
    0.859263           0           0
    0.884913  1.2505e-05 4.73375e-06
    0.910562  0.00127798  4.5515e-05
    0.936212   0.0237582 0.000212818
    0.961861    0.165243 0.000684959
    0.987511    0.561619  0.00173591
     1.01316     1.19808   0.0022586
     1.03881     1.85902  0.00231203
     1.06446     2.33381  0.00192494
     1.09011     2.55534  0.00134576
     1.11576     2.55068  0.00249085
     1.14141     2.40993    0.001895
     1.16706      2.1995  0.00191431
     1.19271     1.97529  0.00198379
     1.21836     1.75981  0.00180102
     1.24401      1.5606  0.00158269
     1.26966     1.39015  0.00136566
     1.29531     1.24392  0.00147334
     1.32096     1.12439  0.00115149
     1.34661     1.02456  0.00104841
     1.37226     0.94177   0.0012302
     1.39791    0.872456  0.00100876
     1.42355    0.817263 0.000859546
      1.4492    0.773264  0.00110646
     1.47485    0.738351  0.00105255
      1.5005    0.709546 0.000959972
     1.52615    0.690975  0.00113066
      1.5518    0.677382 0.000817504
     1.57745    0.671274  0.00115022
      1.6031    0.670226 0.000991971
     1.62875    0.675808 0.000908463
      1.6544    0.685653 0.000927148
     1.68005    0.700884 0.000938846
      1.7057    0.722801 0.000889508
     1.73135    0.748842  0.00101661
       1.757    0.779435 0.000915861
     1.78265    0.814966 0.000852436
      1.8083    0.852511  0.00100664
     1.83395    0.893115 0.000931492
      1.8596    0.935188 0.000876285
     1.88525    0.977121 0.000950403
      1.9109     1.01806  0.00109057
     1.93655     1.05802  0.00091287
      1.9622     1.09524 0.000908194
     1.98785     1.12959 0.000745978
      2.0135     1.16122 0.000644676
     2.03915     1.18698 0.000786895
      2.0648     1.20448 0.000691753
     2.09045     1.21467 0.000685315
      2.1161     1.21725 0.000723918
     2.14174     1.20909 0.000893168
     2.16739     1.19591  0.00092676
     2.19304     1.17701 0.000791965
     2.21869     1.15147 0.000832693
     2.24434     1.12427 0.000922674
     2.26999     1.09682 0.000708857
     2.29564     1.06779 0.000575958
     2.32129     1.03908 0.000856973
     2.34694      1.0129 0.000700111
     2.37259    0.988686 0.000700402
     2.39824    0.966096 0.000762147
     2.42389    0.946934 0.000741358
     2.44954    0.929857 0.000755655
     2.47519    0.917383 0.000811333
     2.50084     0.90772  0.00079113
     2.52649    0.894386 0.000783207
     2.55214    0.885256 0.000688846
   0.0128248           0           0
   0.0384745           0           0
   0.0641241           0           0
   0.0897737           0           0
    0.115423           0           0
    0.141073           0           0
    0.166723           0           0
    0.192372           0           0
    0.218022           0           0
    0.243672           0           0
    0.269321           0           0
    0.294971           0           0
     0.32062           0           0
     0.34627           0           0
     0.37192           0           0
    0.397569           0           0
    0.423219           0           0
    0.448869           0           0
    0.474518           0           0
    0.500168           0           0
    0.525818           0           0
    0.551467           0           0
    0.577117           0           0
    0.602767           0           0
    0.628416           0           0
    0.654066           0           0
    0.679715           0           0
    0.705365           0           0
    0.731015           0           0
    0.756664           0           0
    0.782314           0           0
    0.807964           0           0
    0.833613           0           0
    0.859263           0           0
    0.884913 1.20738e-05 4.59012e-06
    0.910562  0.00129146 4.58996e-05
    0.936212   0.0237776 0.000206361
    0.961861    0.165177 0.000664482
    0.987511    0.561467  0.00168276
     1.01316     1.19795  0.00218442
     1.03881     1.85912  0.00223429
     1.06446     2.33408  0.00187729
     1.09011     2.55533  0.00129941
     1.11576     2.55075  0.00240593
     1.14141     2.40991  0.00182971
     1.16706      2.1999   0.0018899
     1.19271     1.97531  0.00191548
     1.21836     1.75925  0.00182556
     1.24401     1.56039  0.00154215
     1.26966     1.39003  0.00132444
     1.29531     1.24376  0.00143099
     1.32096     1.12438  0.00111189
     1.34661     1.02449  0.00101466
     1.37226    0.941473  0.00122305
     1.39791    0.872465 0.000974021
     1.42355    0.817628 0.000904156
      1.4492    0.773489  0.00109091
     1.47485    0.738415  0.00101817
      1.5005    0.709707 0.000940234
     1.52615    0.691081  0.00109659
      1.5518    0.677668 0.000837979
     1.57745    0.671359  0.00111365
      1.6031    0.670442 0.000980903
     1.62875    0.676034 0.000904944
      1.6544     0.68588 0.000922542
     1.68005    0.700895 0.000906542
      1.7057    0.722758 0.000859866
     1.73135    0.748859 0.000981694
       1.757    0.779467 0.000884828
     1.78265    0.814902 0.000825445
      1.8083     0.85216  0.00103107
     1.83395    0.892925 0.000918699
      1.8596    0.935075 0.000853251
     1.88525     0.97699 0.000926699
      1.9109     1.01778  0.00108658
     1.93655     1.05781 0.000905196
      1.9622      1.0949 0.000937217
     1.98785     1.12951 0.000724774
      2.0135     1.16103 0.000649362
     2.03915     1.18673 0.000798654
      2.0648      1.2046 0.000678645
     2.09045     1.21466  0.00066175
      2.1161     1.21716 0.000705254
     2.14174     1.20894 0.000875559
     2.16739     1.19599 0.000898168
     2.19304     1.17716 0.000778172
     2.21869     1.15143 0.000804843
     2.24434     1.12441 0.000900774
     2.26999     1.09688 0.000687274
     2.29564     1.06793 0.000573593
     2.32129     1.03922 0.000838662
     2.34694     1.01308   0.0006972
     2.37259    0.988827 0.000690278
     2.39824    0.966335 0.000772198
     2.42389     0.94734 0.000819227
     2.44954    0.930049 0.000753525
     2.47519     0.91766  0.00082916
     2.50084    0.907907 0.000785666
     2.52649     0.89449 0.000763119
     2.55214    0.885361 0.000673018
   0.0128248           0           0
   0.0384745           0           0
   0.0641241           0           0
   0.0897737           0           0
    0.115423           0           0
    0.141073           0           0
    0.166723           0           0
    0.192372           0           0
    0.218022           0           0
    0.243672           0           0
    0.269321           0           0
    0.294971           0           0
     0.32062           0           0
     0.34627           0           0
     0.37192           0           0
    0.397569           0           0
    0.423219           0           0
    0.448869           0           0
    0.474518           0           0
    0.500168           0           0
    0.525818           0           0
    0.551467           0           0
    0.577117           0           0
    0.602767           0           0
    0.628416           0           0
    0.654066           0           0
    0.679715           0           0
    0.705365           0           0
    0.731015           0           0
    0.756664           0           0
    0.782314           0           0
    0.807964           0           0
    0.833613           0           0
    0.859263           0           0
    0.884913 1.23198e-05  4.4437e-06
    0.910562  0.00129304 4.43969e-05
    0.936212   0.0238385 0.000208255
    0.961861    0.165401  0.00067898
    0.987511    0.561778  0.00165529
     1.01316     1.19886  0.00229211
     1.03881     1.85969  0.00223241
     1.06446     2.33432  0.00183086
     1.09011     2.55558  0.00127985
     1.11576     2.55072  0.00232589
     1.14141     2.40941  0.00183583
     1.16706     2.19994  0.00182734
     1.19271     1.97489  0.00189696
     1.21836     1.75921    0.001765
     1.24401     1.55999   0.0015416
     1.26966     1.38991  0.00128568
     1.29531     1.24336  0.00143956
     1.32096     1.12385   0.0011916
     1.34661     1.02417  0.00103178
     1.37226     0.94144  0.00118272
     1.39791    0.872664 0.000961643
     1.42355    0.817726  0.00087929
      1.4492    0.773352   0.0010632
     1.47485    0.738363 0.000985512
      1.5005    0.709854 0.000920374
     1.52615    0.691124  0.00106089
      1.5518    0.677641  0.00081049
     1.57745    0.671418  0.00107809
      1.6031    0.670499 0.000949876
     1.62875    0.675918  0.00088219
      1.6544    0.685733 0.000903502
     1.68005    0.700866 0.000876787
      1.7057    0.722633 0.000840209
     1.73135    0.748919 0.000950821
       1.757    0.779737 0.000895661
     1.78265    0.815182  0.00084414
      1.8083     0.85249  0.00104812
     1.83395    0.893305 0.000963719
      1.8596     0.93529 0.000851342
     1.88525    0.977317 0.000951794
      1.9109     1.01785  0.00105241
     1.93655     1.05782 0.000875035
      1.9622     1.09502  0.00091378
     1.98785     1.12947 0.000701576
      2.0135      1.1609 0.000640068
     2.03915     1.18663 0.000777659
      2.0648     1.20443 0.000678553
     2.09045     1.21468 0.000640101
      2.1161     1.21697 0.000707537
     2.14174     1.20873 0.000870278
     2.16739     1.19597 0.000868469
     2.19304     1.17695  0.00078058
     2.21869     1.15137 0.000780506
     2.24434     1.12426 0.000882784
     2.26999     1.09663 0.000710569
     2.29564     1.06793 0.000554492
     2.32129     1.03929 0.000814006
     2.34694     1.01287  0.00070412
     2.37259    0.988836 0.000667336
     2.39824    0.966393 0.000748634
     2.42389    0.947285 0.000793711
     2.44954    0.930079 0.000729003
     2.47519    0.917703 0.000802624
     2.50084    0.907905 0.000759481
     2.52649     0.89454 0.000739324
     2.55214    0.885355 0.000650604
