# DISTANCE:     AVE_GOFR:        ERROR:
   0.0128248           0           0
   0.0384745           0           0
   0.0641241           0           0
   0.0897737           0           0
    0.115423           0           0
    0.141073           0           0
    0.166723           0           0
    0.192372           0           0
    0.218022           0           0
    0.243672           0           0
    0.269321           0           0
    0.294971           0           0
     0.32062           0           0
     0.34627           0           0
     0.37192           0           0
    0.397569           0           0
    0.423219           0           0
    0.448869           0           0
    0.474518           0           0
    0.500168           0           0
    0.525818           0           0
    0.551467           0           0
    0.577117           0           0
    0.602767           0           0
    0.628416           0           0
    0.654066           0           0
    0.679715           0           0
    0.705365           0           0
    0.731015           0           0
    0.756664           0           0
    0.782314           0           0
    0.807964           0           0
    0.833613           0           0
    0.859263           0           0
    0.884913           0           0
    0.910562 0.000458526           0
    0.936212   0.0210813           0
    0.961861    0.176464           0
    0.987511    0.607766           0
     1.01316     1.26414           0
     1.03881     1.90752           0
     1.06446     2.36895           0
     1.09011     2.56296           0
     1.11576     2.53339           0
     1.14141     2.33059           0
     1.16706     2.12095           0
     1.19271      1.9218           0
     1.21836     1.73515           0
     1.24401     1.53034           0
     1.26966     1.34512           0
     1.29531     1.24676           0
     1.32096     1.12486           0
     1.34661     1.04497           0
     1.37226    0.956419           0
     1.39791     0.88779           0
     1.42355    0.822575           0
      1.4492     0.78819           0
     1.47485    0.745779           0
      1.5005     0.71749           0
     1.52615    0.698618           0
      1.5518    0.680088           0
     1.57745    0.681733           0
      1.6031    0.676673           0
     1.62875    0.673737           0
      1.6544    0.671098           0
     1.68005    0.714813           0
      1.7057     0.75034           0
     1.73135    0.779587           0
       1.757    0.790728           0
     1.78265    0.815783           0
      1.8083    0.847916           0
     1.83395    0.876233           0
      1.8596    0.931487           0
     1.88525    0.975527           0
      1.9109     1.03446           0
     1.93655     1.05606           0
      1.9622     1.09613           0
     1.98785     1.12324           0
      2.0135     1.15682           0
     2.03915     1.18751           0
      2.0648     1.21301           0
     2.09045     1.23714           0
      2.1161     1.20174           0
     2.14174     1.18686           0
     2.16739     1.17133           0
     2.19304     1.15875           0
     2.21869     1.12461           0
     2.24434     1.11997           0
     2.26999     1.07099           0
     2.29564     1.06013           0
     2.32129     1.04743           0
     2.34694     1.01996           0
     2.37259    0.973989           0
     2.39824     0.97461           0
     2.42389    0.946115           0
     2.44954    0.930635           0
     2.47519    0.921167           0
     2.50084    0.908917           0
     2.52649    0.903539           0
     2.55214    0.900286           0
   0.0128248           0           0
   0.0384745           0           0
   0.0641241           0           0
   0.0897737           0           0
    0.115423           0           0
    0.141073           0           0
    0.166723           0           0
    0.192372           0           0
    0.218022           0           0
    0.243672           0           0
    0.269321           0           0
    0.294971           0           0
     0.32062           0           0
     0.34627           0           0
     0.37192           0           0
    0.397569           0           0
    0.423219           0           0
    0.448869           0           0
    0.474518           0           0
    0.500168           0           0
    0.525818           0           0
    0.551467           0           0
    0.577117           0           0
    0.602767           0           0
    0.628416           0           0
    0.654066           0           0
    0.679715           0           0
    0.705365           0           0
    0.731015           0           0
    0.756664           0           0
    0.782314           0           0
    0.807964           0           0
    0.833613           0           0
    0.859263           0           0
    0.884913           0           0
    0.910562 0.000669448 0.000149144
    0.936212   0.0224498 0.000967652
    0.961861     0.17353  0.00207404
    0.987511    0.591838   0.0112625
     1.01316     1.25494  0.00650376
     1.03881     1.88614   0.0151176
     1.06446     2.34796   0.0148462
     1.09011     2.56248 0.000336118
     1.11576     2.54866    0.010794
     1.14141     2.36939   0.0274351
     1.16706     2.15122   0.0214062
     1.19271     1.93444  0.00894039
     1.21836     1.74558  0.00737132
     1.24401     1.52963 0.000502877
     1.26966     1.36268   0.0124165
     1.29531      1.2377  0.00640098
     1.32096     1.11045   0.0101874
     1.34661     1.02063   0.0172137
     1.37226     0.94647  0.00703454
     1.39791    0.873684  0.00997497
     1.42355    0.808151   0.0101996
      1.4492    0.773246    0.010567
     1.47485    0.746599 0.000580297
      1.5005    0.721435  0.00278977
     1.52615    0.697352 0.000895397
      1.5518    0.688521  0.00596294
     1.57745     0.68006  0.00118301
      1.6031    0.677504 0.000587733
     1.62875    0.689727   0.0113064
      1.6544     0.68952   0.0130262
     1.68005    0.711512    0.002334
      1.7057    0.746966  0.00238561
     1.73135    0.769543  0.00710205
       1.757    0.784676  0.00427923
     1.78265     0.81341  0.00167787
      1.8083    0.846183  0.00122565
     1.83395    0.882903  0.00471636
      1.8596    0.933953  0.00174386
     1.88525     0.97075  0.00337748
      1.9109     1.02764  0.00482214
     1.93655     1.05829  0.00157704
      1.9622     1.10399  0.00556395
     1.98785     1.13263  0.00664472
      2.0135     1.15938  0.00181071
     2.03915     1.19033  0.00199159
      2.0648     1.20721  0.00409977
     2.09045     1.22477  0.00874867
      2.1161     1.21042   0.0061403
     2.14174     1.19425  0.00522913
     2.16739     1.17614  0.00340641
     2.19304     1.16242  0.00259334
     2.21869     1.14204   0.0123241
     2.24434       1.114  0.00422439
     2.26999     1.07733  0.00448528
     2.29564      1.0556  0.00320189
     2.32129     1.03529  0.00858279
     2.34694     1.00768   0.0086882
     2.37259    0.973189 0.000566069
     2.39824    0.966433  0.00578163
     2.42389    0.942182  0.00278119
     2.44954    0.924263  0.00450576
     2.47519    0.921367 0.000141336
     2.50084    0.912648  0.00263831
     2.52649    0.911278   0.0054718
     2.55214    0.897786  0.00176773
   0.0128248           0           0
   0.0384745           0           0
   0.0641241           0           0
   0.0897737           0           0
    0.115423           0           0
    0.141073           0           0
    0.166723           0           0
    0.192372           0           0
    0.218022           0           0
    0.243672           0           0
    0.269321           0           0
    0.294971           0           0
     0.32062           0           0
     0.34627           0           0
     0.37192           0           0
    0.397569           0           0
    0.423219           0           0
    0.448869           0           0
    0.474518           0           0
    0.500168           0           0
    0.525818           0           0
    0.551467           0           0
    0.577117           0           0
    0.602767           0           0
    0.628416           0           0
    0.654066           0           0
    0.679715           0           0
    0.705365           0           0
    0.731015           0           0
    0.756664           0           0
    0.782314           0           0
    0.807964           0           0
    0.833613           0           0
    0.859263           0           0
    0.884913           0           0
    0.910562 0.000959848 0.000257114
    0.936212   0.0238183   0.0012902
    0.961861    0.174426  0.00156422
    0.987511    0.581173    0.011498
     1.01316     1.24005   0.0129134
     1.03881     1.88727   0.0101205
     1.06446     2.36621   0.0178913
     1.09011     2.56283 0.000362241
     1.11576     2.53983    0.010187
     1.14141     2.39515   0.0278769
     1.16706      2.1636   0.0174882
     1.19271      1.9364  0.00617018
     1.21836     1.74658   0.0049822
     1.24401     1.53557  0.00486104
     1.26966      1.3693  0.00988636
     1.29531      1.2431  0.00613208
     1.32096     1.10426  0.00846682
     1.34661     1.01315    0.012999
     1.37226    0.950951  0.00594779
     1.39791    0.875157  0.00675792
     1.42355    0.808733  0.00681629
      1.4492    0.779879  0.00888575
     1.47485    0.737367   0.0075482
      1.5005    0.711912  0.00799462
     1.52615     0.68899  0.00685371
      1.5518     0.67847  0.00911844
     1.57745     0.66823  0.00969173
      1.6031    0.668783  0.00713195
     1.62875    0.680638    0.010578
      1.6544    0.686009  0.00914513
     1.68005     0.71267  0.00182073
      1.7057    0.742141  0.00424906
     1.73135    0.765479   0.0057816
       1.757    0.778249  0.00597301
     1.78265    0.812095  0.00155059
      1.8083    0.850006  0.00322661
     1.83395    0.897448   0.0122856
      1.8596    0.946069  0.00996073
     1.88525    0.981995   0.0094534
      1.9109     1.03152  0.00451664
     1.93655     1.06308  0.00405268
      1.9622     1.10004  0.00492045
     1.98785     1.13759  0.00600013
      2.0135     1.16626  0.00574292
     2.03915     1.19298  0.00254191
      2.0648     1.21159  0.00449772
     2.09045     1.22324  0.00596398
      2.1161      1.2126   0.0044635
     2.14174     1.19709  0.00418557
     2.16739      1.1773  0.00245828
     2.19304     1.16144  0.00190646
     2.21869     1.14098  0.00826087
     2.24434     1.10826  0.00546626
     2.26999     1.07841  0.00311777
     2.29564      1.0554  0.00214039
     2.32129     1.02935  0.00750425
     2.34694     1.00125  0.00781781
     2.37259    0.977902   0.0038672
     2.39824    0.966529  0.00385521
     2.42389    0.941802  0.00187996
     2.44954    0.929604   0.0052955
     2.47519    0.920295 0.000880348
     2.50084    0.909531   0.0030936
     2.52649    0.902709  0.00789034
     2.55214    0.894988  0.00257095
   0.0128248           0           0
   0.0384745           0           0
   0.0641241           0           0
   0.0897737           0           0
    0.115423           0           0
    0.141073           0           0
    0.166723           0           0
    0.192372           0           0
    0.218022           0           0
    0.243672           0           0
    0.269321           0           0
    0.294971           0           0
     0.32062           0           0
     0.34627           0           0
     0.37192           0           0
    0.397569           0           0
    0.423219           0           0
    0.448869           0           0
    0.474518           0           0
    0.500168           0           0
    0.525818           0           0
    0.551467           0           0
    0.577117           0           0
    0.602767           0           0
    0.628416           0           0
    0.654066           0           0
    0.679715           0           0
    0.705365           0           0
    0.731015           0           0
    0.756664           0           0
    0.782314           0           0
    0.807964           0           0
    0.833613           0           0
    0.859263           0           0
    0.884913 3.40415e-05 2.94808e-05
    0.910562  0.00126095 0.000324316
    0.936212   0.0243033  0.00105489
    0.961861    0.177369  0.00280552
    0.987511    0.583447  0.00884556
     1.01316     1.23476   0.0107116
     1.03881     1.87459   0.0133534
     1.06446     2.36145    0.014036
     1.09011     2.56385 0.000927137
     1.11576     2.54123   0.0077368
     1.14141     2.40032   0.0213802
     1.16706     2.16384   0.0131177
     1.19271     1.93621  0.00463042
     1.21836     1.74603  0.00376691
     1.24401     1.54154  0.00632405
     1.26966     1.37978   0.0117227
     1.29531     1.25134  0.00849513
     1.32096     1.11621   0.0121411
     1.34661     1.02032   0.0115575
     1.37226    0.947945  0.00516455
     1.39791    0.872126  0.00570792
     1.42355    0.810338  0.00529776
      1.4492    0.779086  0.00669957
     1.47485    0.730504  0.00820806
      1.5005    0.707488  0.00711579
     1.52615     0.68575  0.00585631
      1.5518    0.677781  0.00686478
     1.57745    0.663975  0.00814916
      1.6031    0.667132  0.00553672
     1.62875    0.677398  0.00841497
      1.6544    0.683529  0.00718718
     1.68005    0.707856  0.00438722
      1.7057    0.736323  0.00596114
     1.73135    0.761546  0.00551439
       1.757    0.779793  0.00467518
     1.78265    0.815634   0.0032782
      1.8083    0.856173  0.00586333
     1.83395    0.898504  0.00925941
      1.8596    0.943858  0.00771219
     1.88525    0.985081  0.00757693
      1.9109     1.03036  0.00353326
     1.93655     1.06449  0.00327419
      1.9622      1.1023  0.00418034
     1.98785     1.13701  0.00452847
      2.0135     1.16309  0.00510721
     2.03915     1.19043   0.0029199
      2.0648      1.2092  0.00395626
     2.09045      1.2154  0.00813191
      2.1161     1.21348  0.00343312
     2.14174      1.2018  0.00514843
     2.16739     1.18532  0.00719075
     2.19304     1.16831   0.0061227
     2.21869     1.14433  0.00684111
     2.24434     1.11299  0.00579306
     2.26999     1.08501  0.00617045
     2.29564     1.05546  0.00160592
     2.32129     1.02805  0.00573885
     2.34694    0.998868  0.00621461
     2.37259    0.979287  0.00313837
     2.39824    0.965297   0.0030821
     2.42389    0.941727  0.00141146
     2.44954    0.930244  0.00401015
     2.47519    0.922004  0.00162044
     2.50084    0.909183  0.00233977
     2.52649    0.896629  0.00792069
     2.55214    0.893541   0.0022994
   0.0128248           0           0
   0.0384745           0           0
   0.0641241           0           0
   0.0897737           0           0
    0.115423           0           0
    0.141073           0           0
    0.166723           0           0
    0.192372           0           0
    0.218022           0           0
    0.243672           0           0
    0.269321           0           0
    0.294971           0           0
     0.32062           0           0
     0.34627           0           0
     0.37192           0           0
    0.397569           0           0
    0.423219           0           0
    0.448869           0           0
    0.474518           0           0
    0.500168           0           0
    0.525818           0           0
    0.551467           0           0
    0.577117           0           0
    0.602767           0           0
    0.628416           0           0
    0.654066           0           0
    0.679715           0           0
    0.705365           0           0
    0.731015           0           0
    0.756664           0           0
    0.782314           0           0
    0.807964           0           0
    0.833613           0           0
    0.859263           0           0
    0.884913  5.0576e-05 2.78379e-05
    0.910562  0.00148196 0.000326178
    0.936212   0.0247987 0.000953172
    0.961861    0.179505  0.00294741
    0.987511    0.583536  0.00707689
     1.01316     1.23501  0.00857219
     1.03881     1.87744   0.0109841
     1.06446     2.35596   0.0122568
     1.09011     2.56697  0.00287996
     1.11576     2.54782  0.00854707
     1.14141     2.39441   0.0179027
     1.16706     2.17172   0.0126423
     1.19271     1.93624  0.00370445
     1.21836     1.74261  0.00429123
     1.24401     1.54137  0.00506148
     1.26966     1.37622  0.00990614
     1.29531     1.24129   0.0112755
     1.32096     1.11102   0.0107646
     1.34661     1.01861  0.00937168
     1.37226    0.945247  0.00478483
     1.39791     0.87668  0.00611942
     1.42355    0.814876  0.00586825
      1.4492     0.77855   0.0053811
     1.47485    0.734813  0.00761403
      1.5005    0.712271   0.0071209
     1.52615    0.688542  0.00530899
      1.5518    0.678663  0.00554817
     1.57745    0.665499  0.00666024
      1.6031    0.670192  0.00520692
     1.62875    0.676808  0.00675264
      1.6544    0.685356  0.00597739
     1.68005    0.708426  0.00354656
      1.7057    0.731333  0.00653192
     1.73135    0.758305  0.00527869
       1.757    0.779505  0.00374903
     1.78265    0.813357  0.00332049
      1.8083    0.854105  0.00504219
     1.83395    0.900404  0.00760013
      1.8596    0.947993  0.00719369
     1.88525     0.98375   0.0061772
      1.9109      1.0297  0.00288869
     1.93655     1.06495  0.00265193
      1.9622     1.10165  0.00339551
     1.98785     1.13511  0.00400083
      2.0135     1.16221  0.00415955
     2.03915     1.18983  0.00239687
      2.0648     1.20859  0.00321127
     2.09045     1.21665   0.0066015
      2.1161     1.21339  0.00274779
     2.14174     1.20265  0.00418832
     2.16739     1.18402  0.00586859
     2.19304     1.16929  0.00497592
     2.21869     1.14204   0.0058461
     2.24434     1.11258  0.00464829
     2.26999     1.08597  0.00501062
     2.29564      1.0549  0.00137883
     2.32129     1.02973  0.00482989
     2.34694     1.00356  0.00650647
     2.37259    0.979807  0.00255353
     2.39824    0.966458  0.00267559
     2.42389    0.945043  0.00317359
     2.44954    0.931692  0.00345972
     2.47519    0.922743  0.00145531
     2.50084    0.907082  0.00265189
     2.52649     0.89534  0.00644065
     2.55214    0.893975  0.00187996
   0.0128248           0           0
   0.0384745           0           0
   0.0641241           0           0
   0.0897737           0           0
    0.115423           0           0
    0.141073           0           0
    0.166723           0           0
    0.192372           0           0
    0.218022           0           0
    0.243672           0           0
    0.269321           0           0
    0.294971           0           0
     0.32062           0           0
     0.34627           0           0
     0.37192           0           0
    0.397569           0           0
    0.423219           0           0
    0.448869           0           0
    0.474518           0           0
    0.500168           0           0
    0.525818           0           0
    0.551467           0           0
    0.577117           0           0
    0.602767           0           0
    0.628416           0           0
    0.654066           0           0
    0.679715           0           0
    0.705365           0           0
    0.731015           0           0
    0.756664           0           0
    0.782314           0           0
    0.807964           0           0
    0.833613           0           0
    0.859263           0           0
    0.884913 4.21466e-05 2.44411e-05
    0.910562  0.00145506 0.000272922
    0.936212   0.0255591  0.00105491
    0.961861    0.179951  0.00248973
    0.987511    0.582687  0.00594813
     1.01316     1.23247  0.00751069
     1.03881     1.88345   0.0106724
     1.06446     2.35513    0.010242
     1.09011     2.55674  0.00963634
     1.11576      2.5389   0.0108209
     1.14141     2.39415   0.0149207
     1.16706      2.1726   0.0105663
     1.19271     1.94571   0.0091734
     1.21836      1.7462  0.00485097
     1.24401     1.54199  0.00425569
     1.26966     1.37339  0.00864994
     1.29531     1.24177  0.00940661
     1.32096     1.10989  0.00902982
     1.34661     1.01671  0.00799921
     1.37226     0.94838  0.00490709
     1.39791     0.88139  0.00666985
     1.42355    0.817618  0.00549371
      1.4492    0.780003  0.00467635
     1.47485    0.734878  0.00634529
      1.5005    0.709676   0.0063893
     1.52615    0.688113  0.00444145
      1.5518     0.67997  0.00477502
     1.57745    0.665333  0.00555227
      1.6031    0.670506  0.00434852
     1.62875    0.676418  0.00563843
      1.6544    0.686821  0.00515758
     1.68005    0.708869  0.00298297
      1.7057    0.728878   0.0058866
     1.73135    0.757465  0.00446513
       1.757    0.778174  0.00335218
     1.78265    0.813399  0.00276734
      1.8083    0.855598   0.0044173
     1.83395    0.895879   0.0075618
      1.8596    0.946074  0.00624564
     1.88525    0.984425  0.00518433
      1.9109     1.02813  0.00280229
     1.93655     1.06221   0.0033423
      1.9622     1.10153   0.0028315
     1.98785     1.13708  0.00378873
      2.0135     1.16252  0.00347736
     2.03915     1.19075  0.00216927
      2.0648     1.20779  0.00277442
     2.09045     1.21567  0.00557309
      2.1161     1.21053  0.00347078
     2.14174      1.2045  0.00387599
     2.16739     1.18575  0.00513899
     2.19304     1.17371  0.00578637
     2.21869     1.14422  0.00526278
     2.24434     1.11298  0.00389038
     2.26999     1.08677   0.0042388
     2.29564     1.05487  0.00114938
     2.32129     1.02977  0.00402514
     2.34694     1.00473  0.00552572
     2.37259    0.979424  0.00215654
     2.39824    0.964033  0.00314218
     2.42389    0.946825   0.0031049
     2.44954    0.930912  0.00296975
     2.47519     0.92249   0.0012345
     2.50084    0.908068  0.00238606
     2.52649    0.895923   0.0053935
     2.55214    0.893297   0.0016845
   0.0128248           0           0
   0.0384745           0           0
   0.0641241           0           0
   0.0897737           0           0
    0.115423           0           0
    0.141073           0           0
    0.166723           0           0
    0.192372           0           0
    0.218022           0           0
    0.243672           0           0
    0.269321           0           0
    0.294971           0           0
     0.32062           0           0
     0.34627           0           0
     0.37192           0           0
    0.397569           0           0
    0.423219           0           0
    0.448869           0           0
    0.474518           0           0
    0.500168           0           0
    0.525818           0           0
    0.551467           0           0
    0.577117           0           0
    0.602767           0           0
    0.628416           0           0
    0.654066           0           0
    0.679715           0           0
    0.705365           0           0
    0.731015           0           0
    0.756664           0           0
    0.782314           0           0
    0.807964           0           0
    0.833613           0           0
    0.859263           0           0
    0.884913 3.61257e-05 2.16785e-05
    0.910562  0.00153017  0.00024405
    0.936212   0.0253278 0.000929236
    0.961861     0.17879  0.00238934
    0.987511    0.579492  0.00589418
     1.01316     1.22383   0.0102713
     1.03881     1.88842   0.0102387
     1.06446     2.36013  0.00992347
     1.09011     2.55822  0.00837151
     1.11576     2.54541   0.0110604
     1.14141     2.39896   0.0135424
     1.16706     2.17226  0.00906245
     1.19271     1.94522   0.0078759
     1.21836     1.74377  0.00473146
     1.24401     1.54038  0.00394145
     1.26966     1.36845  0.00870866
     1.29531     1.24103  0.00809206
     1.32096     1.10947  0.00774937
     1.34661     1.01449  0.00715906
     1.37226    0.942913  0.00658149
     1.39791    0.880565  0.00576777
     1.42355    0.817339  0.00471597
      1.4492    0.777608  0.00458046
     1.47485    0.733973  0.00550294
      1.5005    0.709549  0.00547781
     1.52615    0.687574  0.00383949
      1.5518    0.678665  0.00426762
     1.57745    0.666042  0.00480421
      1.6031    0.671059  0.00376239
     1.62875    0.678312  0.00514125
      1.6544    0.690163  0.00539565
     1.68005    0.712663   0.0043451
      1.7057    0.730063  0.00516349
     1.73135    0.759891  0.00443766
       1.757    0.783306   0.0055529
     1.78265    0.816278  0.00356806
      1.8083    0.854503  0.00391942
     1.83395     0.89629  0.00649271
      1.8596    0.945583  0.00537266
     1.88525     0.98565  0.00458617
      1.9109     1.02697  0.00263004
     1.93655      1.0608  0.00314526
      1.9622     1.10004  0.00279471
     1.98785     1.13656  0.00328261
      2.0135     1.16115  0.00323902
     2.03915     1.19129  0.00192365
      2.0648      1.2083   0.0024241
     2.09045     1.21541  0.00478322
      2.1161     1.21287  0.00368144
     2.14174     1.20245  0.00382364
     2.16739     1.18623  0.00442727
     2.19304     1.17264  0.00505856
     2.21869     1.14184  0.00501818
     2.24434     1.11032  0.00414414
     2.26999     1.08592  0.00371661
     2.29564     1.05431  0.00111117
     2.32129     1.02765  0.00397096
     2.34694     1.00353   0.0048639
     2.37259     0.97914   0.0018671
     2.39824    0.963805   0.0027015
     2.42389    0.946398  0.00269051
     2.44954    0.931902  0.00270535
     2.47519    0.921403  0.00146054
     2.50084    0.907334  0.00215526
     2.52649    0.895046  0.00469378
     2.55214    0.894261  0.00169732
   0.0128248           0           0
   0.0384745           0           0
   0.0641241           0           0
   0.0897737           0           0
    0.115423           0           0
    0.141073           0           0
    0.166723           0           0
    0.192372           0           0
    0.218022           0           0
    0.243672           0           0
    0.269321           0           0
    0.294971           0           0
     0.32062           0           0
     0.34627           0           0
     0.37192           0           0
    0.397569           0           0
    0.423219           0           0
    0.448869           0           0
    0.474518           0           0
    0.500168           0           0
    0.525818           0           0
    0.551467           0           0
    0.577117           0           0
    0.602767           0           0
    0.628416           0           0
    0.654066           0           0
    0.679715           0           0
    0.705365           0           0
    0.731015           0           0
    0.756664           0           0
    0.782314           0           0
    0.807964           0           0
    0.833613           0           0
    0.859263           0           0
    0.884913   3.161e-05 1.94333e-05
    0.910562   0.0013389  0.00027859
    0.936212   0.0248814 0.000914021
    0.961861    0.177691  0.00233013
    0.987511    0.580814   0.0053036
     1.01316     1.22564  0.00914678
     1.03881      1.8889  0.00896986
     1.06446     2.36362  0.00927706
     1.09011     2.56507  0.00973498
     1.11576     2.54618  0.00970443
     1.14141     2.39832   0.0118648
     1.16706     2.17271  0.00794095
     1.19271     1.94436  0.00693841
     1.21836     1.74331  0.00416218
     1.24401     1.53857   0.0038422
     1.26966     1.36563   0.0080656
     1.29531     1.23784  0.00768151
     1.32096     1.11004  0.00680167
     1.34661       1.016  0.00642272
     1.37226    0.942165  0.00580108
     1.39791    0.878939  0.00527108
     1.42355    0.818093  0.00418628
      1.4492    0.775435  0.00449397
     1.47485    0.734461  0.00483669
      1.5005    0.708944  0.00482632
     1.52615    0.685904  0.00370512
      1.5518    0.676901  0.00408245
     1.57745    0.666716  0.00425067
      1.6031    0.672816  0.00367936
     1.62875    0.678789  0.00452064
      1.6544    0.689357  0.00478093
     1.68005    0.711842  0.00387871
      1.7057    0.730417  0.00453019
     1.73135    0.760825  0.00398003
       1.757    0.784688  0.00502789
     1.78265    0.821424  0.00573722
      1.8083    0.857244  0.00428166
     1.83395    0.897315  0.00576145
      1.8596    0.942493  0.00551834
     1.88525    0.982172   0.0051658
      1.9109     1.02753   0.0023603
     1.93655     1.05837  0.00357113
      1.9622     1.09789  0.00316098
     1.98785     1.13534   0.0030908
      2.0135      1.1615  0.00285359
     2.03915     1.19166  0.00171946
      2.0648     1.20899  0.00221722
     2.09045     1.21627  0.00426277
      2.1161     1.21402  0.00339416
     2.14174     1.20367  0.00353314
     2.16739     1.18755  0.00406572
     2.19304     1.17582  0.00533466
     2.21869     1.14349  0.00465279
     2.24434     1.11039  0.00362672
     2.26999      1.0857  0.00325885
     2.29564     1.05452 0.000991052
     2.32129     1.02867   0.0036028
     2.34694     1.00402  0.00427989
     2.37259    0.980792   0.0022487
     2.39824    0.962561  0.00263487
     2.42389    0.945821   0.0024152
     2.44954     0.93118  0.00246153
     2.47519    0.918728  0.00280987
     2.50084    0.904147  0.00352696
     2.52649    0.893672  0.00430333
     2.55214    0.893933  0.00151636
   0.0128248           0           0
   0.0384745           0           0
   0.0641241           0           0
   0.0897737           0           0
    0.115423           0           0
    0.141073           0           0
    0.166723           0           0
    0.192372           0           0
    0.218022           0           0
    0.243672           0           0
    0.269321           0           0
    0.294971           0           0
     0.32062           0           0
     0.34627           0           0
     0.37192           0           0
    0.397569           0           0
    0.423219           0           0
    0.448869           0           0
    0.474518           0           0
    0.500168           0           0
    0.525818           0           0
    0.551467           0           0
    0.577117           0           0
    0.602767           0           0
    0.628416           0           0
    0.654066           0           0
    0.679715           0           0
    0.705365           0           0
    0.731015           0           0
    0.756664           0           0
    0.782314           0           0
    0.807964           0           0
    0.833613           0           0
    0.859263           0           0
    0.884913 2.80978e-05 1.75886e-05
    0.910562  0.00133686 0.000247643
    0.936212   0.0250443 0.000826848
    0.961861    0.179366  0.00260474
    0.987511    0.582215  0.00489581
     1.01316     1.22478   0.0081712
     1.03881     1.89007  0.00805009
     1.06446      2.3626  0.00830196
     1.09011     2.55987  0.00994795
     1.11576     2.54521  0.00867454
     1.14141     2.40037   0.0107215
     1.16706     2.17477  0.00731904
     1.19271     1.94404  0.00617464
     1.21836     1.74295  0.00371506
     1.24401     1.53877  0.00342044
     1.26966     1.36671  0.00724166
     1.29531     1.23779  0.00682821
     1.32096     1.10991   0.0060473
     1.34661     1.01455  0.00587032
     1.37226    0.938734  0.00608758
     1.39791    0.873499  0.00694652
     1.42355    0.816269  0.00409918
      1.4492    0.776763  0.00418633
     1.47485    0.736292  0.00463272
      1.5005    0.710541  0.00454648
     1.52615    0.689457  0.00469787
      1.5518    0.679811  0.00454914
     1.57745    0.668434  0.00411102
      1.6031    0.672697  0.00327247
     1.62875    0.679806  0.00413122
      1.6544    0.690602   0.0044087
     1.68005    0.713792  0.00390697
      1.7057     0.73213  0.00433874
     1.73135    0.760765  0.00353826
       1.757    0.785239  0.00449929
     1.78265    0.822817  0.00526617
      1.8083    0.857392  0.00380848
     1.83395    0.897656  0.00513139
      1.8596    0.941719  0.00495925
     1.88525    0.982557  0.00460614
      1.9109     1.02578  0.00266762
     1.93655     1.05798  0.00319566
      1.9622     1.09608  0.00328785
     1.98785     1.13364  0.00318339
      2.0135     1.15969  0.00305917
     2.03915     1.18908  0.00287211
      2.0648     1.20757  0.00238463
     2.09045     1.21419  0.00426873
      2.1161     1.21323  0.00310661
     2.14174     1.20455   0.0032497
     2.16739     1.18896    0.003849
     2.19304     1.17711  0.00489595
     2.21869     1.14474  0.00430184
     2.24434     1.11111  0.00329344
     2.26999     1.08616  0.00292901
     2.29564     1.05436 0.000893507
     2.32129     1.02622  0.00394913
     2.34694     1.00253  0.00405351
     2.37259    0.979326  0.00242969
     2.39824    0.959571  0.00366528
     2.42389    0.943459  0.00309377
     2.44954    0.929874  0.00251084
     2.47519    0.920637  0.00307853
     2.50084    0.904355  0.00314117
     2.52649    0.895999  0.00440971
     2.55214    0.896783  0.00300615
   0.0128248           0           0
   0.0384745           0           0
   0.0641241           0           0
   0.0897737           0           0
    0.115423           0           0
    0.141073           0           0
    0.166723           0           0
    0.192372           0           0
    0.218022           0           0
    0.243672           0           0
    0.269321           0           0
    0.294971           0           0
     0.32062           0           0
     0.34627           0           0
     0.37192           0           0
    0.397569           0           0
    0.423219           0           0
    0.448869           0           0
    0.474518           0           0
    0.500168           0           0
    0.525818           0           0
    0.551467           0           0
    0.577117           0           0
    0.602767           0           0
    0.628416           0           0
    0.654066           0           0
    0.679715           0           0
    0.705365           0           0
    0.731015           0           0
    0.756664           0           0
    0.782314           0           0
    0.807964           0           0
    0.833613           0           0
    0.859263           0           0
    0.884913  2.5288e-05 1.60526e-05
    0.910562  0.00138658 0.000227816
    0.936212   0.0252577 0.000771223
    0.961861     0.17879  0.00240697
    0.987511    0.580664  0.00464543
     1.01316     1.22225  0.00773569
     1.03881     1.88907  0.00730731
     1.06446     2.35957  0.00800628
     1.09011     2.55663  0.00946568
     1.11576      2.5452  0.00780709
     1.14141     2.39756   0.0100092
     1.16706     2.17329   0.0067345
     1.19271     1.95124  0.00880246
     1.21836     1.74265  0.00335591
     1.24401     1.54097  0.00372429
     1.26966     1.36799  0.00662961
     1.29531     1.23793  0.00614696
     1.32096     1.11114  0.00556689
     1.34661     1.01958   0.0071159
     1.37226    0.943524  0.00711823
     1.39791    0.875266  0.00647252
     1.42355    0.815172  0.00383333
      1.4492    0.777116  0.00378256
     1.47485    0.736782  0.00419533
      1.5005    0.708948  0.00436202
     1.52615    0.688522  0.00432003
      1.5518    0.678774  0.00421069
     1.57745    0.667464  0.00381278
      1.6031    0.671957  0.00302762
     1.62875    0.679275  0.00375205
      1.6544    0.691121  0.00399834
     1.68005    0.711381  0.00419444
      1.7057     0.73047  0.00421034
     1.73135    0.758388  0.00390189
       1.757    0.784937  0.00405949
     1.78265     0.82173  0.00485038
      1.8083    0.858364  0.00354949
     1.83395    0.898243  0.00465167
      1.8596    0.941254  0.00448503
     1.88525      0.9819  0.00419206
      1.9109     1.02461  0.00264601
     1.93655      1.0569   0.0030547
      1.9622     1.09628  0.00296526
     1.98785     1.13364  0.00286506
      2.0135     1.15861  0.00293735
     2.03915     1.18845  0.00265421
      2.0648     1.20667  0.00230967
     2.09045     1.21407  0.00384343
      2.1161     1.21417   0.0029351
     2.14174     1.20538  0.00302757
     2.16739     1.18958  0.00351363
     2.19304     1.17906  0.00477856
     2.21869     1.14589  0.00402061
     2.24434     1.11153  0.00299122
     2.26999     1.08547  0.00271534
     2.29564     1.05561  0.00143672
     2.32129     1.02808  0.00396817
     2.34694     1.00421  0.00398093
     2.37259    0.979982  0.00227339
     2.39824    0.959299  0.00330883
     2.42389    0.944064  0.00284299
     2.44954    0.930251  0.00228785
     2.47519    0.919996  0.00283656
     2.50084    0.904704  0.00284634
     2.52649    0.895217  0.00403759
     2.55214    0.896155  0.00277051
   0.0128248           0           0
   0.0384745           0           0
   0.0641241           0           0
   0.0897737           0           0
    0.115423           0           0
    0.141073           0           0
    0.166723           0           0
    0.192372           0           0
    0.218022           0           0
    0.243672           0           0
    0.269321           0           0
    0.294971           0           0
     0.32062           0           0
     0.34627           0           0
     0.37192           0           0
    0.397569           0           0
    0.423219           0           0
    0.448869           0           0
    0.474518           0           0
    0.500168           0           0
    0.525818           0           0
    0.551467           0           0
    0.577117           0           0
    0.602767           0           0
    0.628416           0           0
    0.654066           0           0
    0.679715           0           0
    0.705365           0           0
    0.731015           0           0
    0.756664           0           0
    0.782314           0           0
    0.807964           0           0
    0.833613           0           0
    0.859263           0           0
    0.884913 2.29891e-05 1.47569e-05
    0.910562   0.0014256  0.00021042
    0.936212    0.025256 0.000701113
    0.961861     0.17704  0.00275195
    0.987511    0.582031  0.00441974
     1.01316     1.22359  0.00714768
     1.03881     1.88882  0.00664744
     1.06446     2.36096  0.00739749
     1.09011     2.55475  0.00879011
     1.11576      2.5454  0.00709994
     1.14141     2.39532  0.00934732
     1.16706     2.17195   0.0062543
     1.19271     1.95077  0.00801484
     1.21836     1.74418  0.00338117
     1.24401     1.54488  0.00503608
     1.26966      1.3696   0.0062199
     1.29531     1.23745  0.00560751
     1.32096     1.10984  0.00520933
     1.34661     1.01954  0.00646912
     1.37226    0.945235  0.00667372
     1.39791    0.875578  0.00589163
     1.42355    0.812881  0.00411286
      1.4492     0.77446  0.00427107
     1.47485     0.73636  0.00383515
      1.5005    0.706898  0.00442085
     1.52615    0.687838  0.00398108
      1.5518    0.680124   0.0040385
     1.57745    0.668675  0.00365342
      1.6031    0.673928  0.00333243
     1.62875    0.679811  0.00344904
      1.6544    0.690599  0.00366881
     1.68005    0.710373  0.00393238
      1.7057    0.730327  0.00383001
     1.73135     0.75783  0.00358696
       1.757    0.784316   0.0037377
     1.78265    0.820873  0.00448451
      1.8083    0.860006  0.00358658
     1.83395    0.899516  0.00439965
      1.8596    0.942644  0.00428711
     1.88525    0.982118  0.00381659
      1.9109     1.02377  0.00253571
     1.93655     1.05827  0.00307229
      1.9622     1.09657  0.00270979
     1.98785     1.13472  0.00279906
      2.0135     1.15851  0.00267213
     2.03915     1.19027  0.00297075
      2.0648      1.2073  0.00218348
     2.09045     1.21444  0.00351158
      2.1161       1.213  0.00289238
     2.14174     1.20281   0.0036861
     2.16739     1.18844  0.00337313
     2.19304     1.17821  0.00441979
     2.21869     1.14586  0.00365518
     2.24434     1.11227  0.00280825
     2.26999     1.08483  0.00254194
     2.29564     1.05502  0.00142302
     2.32129     1.02795  0.00360959
     2.34694     1.00497  0.00369142
     2.37259      0.9819  0.00275994
     2.39824    0.959763  0.00304046
     2.42389    0.943578  0.00262574
     2.44954    0.928624  0.00259469
     2.47519    0.918194  0.00309843
     2.50084    0.904134  0.00264401
     2.52649    0.894577  0.00372083
     2.55214    0.896614   0.0025564
   0.0128248           0           0
   0.0384745           0           0
   0.0641241           0           0
   0.0897737           0           0
    0.115423           0           0
    0.141073           0           0
    0.166723           0           0
    0.192372           0           0
    0.218022           0           0
    0.243672           0           0
    0.269321           0           0
    0.294971           0           0
     0.32062           0           0
     0.34627           0           0
     0.37192           0           0
    0.397569           0           0
    0.423219           0           0
    0.448869           0           0
    0.474518           0           0
    0.500168           0           0
    0.525818           0           0
    0.551467           0           0
    0.577117           0           0
    0.602767           0           0
    0.628416           0           0
    0.654066           0           0
    0.679715           0           0
    0.705365           0           0
    0.731015           0           0
    0.756664           0           0
    0.782314           0           0
    0.807964           0           0
    0.833613           0           0
    0.859263           0           0
    0.884913 2.10733e-05  1.3651e-05
    0.910562  0.00135265  0.00020514
    0.936212   0.0250799 0.000664438
    0.961861    0.176155  0.00266115
    0.987511    0.581091   0.0041501
     1.01316     1.22399   0.0065629
     1.03881     1.89113  0.00648391
     1.06446     2.36278  0.00700205
     1.09011     2.55579  0.00811931
     1.11576       2.545  0.00651963
     1.14141     2.39752  0.00882483
     1.16706     2.17848  0.00848141
     1.19271     1.94864  0.00762383
     1.21836     1.74154  0.00399893
     1.24401     1.54818  0.00558947
     1.26966     1.37009  0.00572046
     1.29531     1.23741  0.00514036
     1.32096     1.11034  0.00479861
     1.34661     1.01577  0.00694004
     1.37226    0.942988  0.00648479
     1.39791    0.873566  0.00573379
     1.42355    0.811766  0.00391828
      1.4492    0.774147  0.00392655
     1.47485    0.735999  0.00353252
      1.5005    0.704655  0.00458647
     1.52615    0.687001  0.00373635
      1.5518    0.678182  0.00414284
     1.57745     0.66796  0.00341823
      1.6031     0.67336  0.00310271
     1.62875     0.68014  0.00317722
      1.6544    0.690346  0.00337182
     1.68005    0.710361  0.00360471
      1.7057    0.729033  0.00372298
     1.73135    0.758815  0.00342082
       1.757     0.78505  0.00349755
     1.78265    0.822791   0.0045025
      1.8083    0.861799  0.00370901
     1.83395    0.901686  0.00453652
      1.8596    0.946052  0.00510788
     1.88525    0.983734  0.00382542
      1.9109     1.02517  0.00268284
     1.93655     1.05921  0.00295663
      1.9622     1.09745  0.00262021
     1.98785     1.13526  0.00261814
      2.0135     1.15935  0.00257945
     2.03915     1.18935  0.00286206
      2.0648     1.20697  0.00202549
     2.09045      1.2141  0.00323556
      2.1161     1.21073  0.00343036
     2.14174     1.20079  0.00388974
     2.16739     1.18645  0.00363039
     2.19304     1.17667  0.00431091
     2.21869     1.14414  0.00373202
     2.24434     1.11154  0.00266652
     2.26999     1.08639  0.00276657
     2.29564     1.05687  0.00220104
     2.32129     1.02718  0.00338966
     2.34694     1.00361  0.00362868
     2.37259    0.980899  0.00270534
     2.39824    0.959914  0.00279081
     2.42389    0.944208  0.00248144
     2.44954    0.929117  0.00242492
     2.47519    0.918831  0.00290495
     2.50084    0.903836  0.00244035
     2.52649    0.895021  0.00343719
     2.55214    0.896486  0.00234655
   0.0128248           0           0
   0.0384745           0           0
   0.0641241           0           0
   0.0897737           0           0
    0.115423           0           0
    0.141073           0           0
    0.166723           0           0
    0.192372           0           0
    0.218022           0           0
    0.243672           0           0
    0.269321           0           0
    0.294971           0           0
     0.32062           0           0
     0.34627           0           0
     0.37192           0           0
    0.397569           0           0
    0.423219           0           0
    0.448869           0           0
    0.474518           0           0
    0.500168           0           0
    0.525818           0           0
    0.551467           0           0
    0.577117           0           0
    0.602767           0           0
    0.628416           0           0
    0.654066           0           0
    0.679715           0           0
    0.705365           0           0
    0.731015           0           0
    0.756664           0           0
    0.782314           0           0
    0.807964           0           0
    0.833613           0           0
    0.859263           0           0
    0.884913 1.94523e-05 1.26968e-05
    0.910562  0.00130504 0.000194808
    0.936212   0.0253799 0.000677691
    0.961861     0.17736  0.00271552
    0.987511    0.582053  0.00394069
     1.01316     1.22663  0.00656983
     1.03881     1.89349  0.00639983
     1.06446     2.36518  0.00686093
     1.09011     2.55667  0.00754271
     1.11576     2.54289  0.00635183
     1.14141     2.39912  0.00828826
     1.16706     2.17863  0.00783044
     1.19271     1.94799  0.00706469
     1.21836     1.73858  0.00465485
     1.24401     1.54435  0.00633283
     1.26966     1.36715  0.00598519
     1.29531     1.23334  0.00614867
     1.32096     1.10989  0.00445057
     1.34661     1.01531  0.00642163
     1.37226     0.94376  0.00603163
     1.39791    0.872836  0.00533899
     1.42355    0.810365  0.00385911
      1.4492    0.772485   0.0039607
     1.47485    0.736595   0.0033107
      1.5005    0.706198   0.0044857
     1.52615    0.687794  0.00353209
      1.5518    0.678907  0.00388722
     1.57745    0.669489  0.00348062
      1.6031    0.675666   0.0036208
     1.62875     0.68144  0.00318795
      1.6544    0.691897  0.00345096
     1.68005    0.711531   0.0035123
      1.7057     0.73088  0.00386729
     1.73135    0.759361  0.00320088
       1.757    0.785872  0.00332377
     1.78265    0.824291  0.00439889
      1.8083    0.862542  0.00349728
     1.83395    0.902003  0.00419859
      1.8596    0.947034  0.00480856
     1.88525    0.983337  0.00355167
      1.9109     1.02326   0.0030789
     1.93655     1.05882  0.00275555
      1.9622     1.09705  0.00244771
     1.98785     1.13366  0.00286512
      2.0135     1.15855  0.00250219
     2.03915     1.18724  0.00332586
      2.0648     1.20308   0.0041813
     2.09045     1.21251  0.00335663
      2.1161     1.20992  0.00325937
     2.14174     1.19975  0.00372881
     2.16739      1.1876  0.00352621
     2.19304     1.17454  0.00447492
     2.21869     1.14335  0.00352768
     2.24434     1.11155  0.00246142
     2.26999     1.08608  0.00257142
     2.29564     1.05673  0.00203628
     2.32129     1.02865  0.00343355
     2.34694       1.006  0.00406127
     2.37259    0.982653  0.00301261
     2.39824    0.960809  0.00271596
     2.42389    0.943619  0.00235957
     2.44954    0.928637  0.00228531
     2.47519    0.918955  0.00268411
     2.50084    0.904213  0.00228156
     2.52649    0.895648   0.0032294
     2.55214    0.898063  0.00264327
   0.0128248           0           0
   0.0384745           0           0
   0.0641241           0           0
   0.0897737           0           0
    0.115423           0           0
    0.141073           0           0
    0.166723           0           0
    0.192372           0           0
    0.218022           0           0
    0.243672           0           0
    0.269321           0           0
    0.294971           0           0
     0.32062           0           0
     0.34627           0           0
     0.37192           0           0
    0.397569           0           0
    0.423219           0           0
    0.448869           0           0
    0.474518           0           0
    0.500168           0           0
    0.525818           0           0
    0.551467           0           0
    0.577117           0           0
    0.602767           0           0
    0.628416           0           0
    0.654066           0           0
    0.679715           0           0
    0.705365           0           0
    0.731015           0           0
    0.756664           0           0
    0.782314           0           0
    0.807964           0           0
    0.833613           0           0
    0.859263           0           0
    0.884913 2.36206e-05 1.24553e-05
    0.910562   0.0012878 0.000181654
    0.936212   0.0253302 0.000631103
    0.961861    0.176922  0.00255654
    0.987511    0.582649  0.00370397
     1.01316     1.22757  0.00616778
     1.03881     1.89214  0.00608285
     1.06446     2.36531  0.00637222
     1.09011     2.55702  0.00701187
     1.11576     2.54289  0.00589813
     1.14141     2.39918  0.00769648
     1.16706     2.17837  0.00727545
     1.19271     1.94973  0.00677094
     1.21836     1.73919  0.00436187
     1.24401     1.54278  0.00607322
     1.26966     1.36748  0.00556678
     1.29531     1.23428  0.00578148
     1.32096       1.112  0.00460835
     1.34661     1.01716  0.00622556
     1.37226    0.943697  0.00560113
     1.39791    0.872021  0.00501949
     1.42355    0.810154  0.00358924
      1.4492    0.773109  0.00372665
     1.47485    0.737129  0.00311704
      1.5005    0.707387   0.0043199
     1.52615    0.687925  0.00328224
      1.5518    0.678394  0.00364331
     1.57745    0.669084  0.00325551
      1.6031    0.674247  0.00362955
     1.62875    0.680924  0.00300175
      1.6544    0.690557  0.00345491
     1.68005     0.71006  0.00355616
      1.7057    0.728197  0.00442475
     1.73135    0.756521  0.00404029
       1.757     0.78449  0.00336137
     1.78265    0.823489  0.00415729
      1.8083     0.86264  0.00324884
     1.83395    0.901917  0.00389956
      1.8596    0.946429    0.004503
     1.88525    0.984137  0.00338695
      1.9109     1.02521  0.00342235
     1.93655     1.06027  0.00291692
      1.9622     1.09731  0.00228591
     1.98785     1.13445  0.00276786
      2.0135     1.16031  0.00287381
     2.03915     1.18749  0.00309743
      2.0648     1.20289  0.00388678
     2.09045      1.2123  0.00312343
      2.1161     1.21064  0.00310513
     2.14174     1.20163  0.00390849
     2.16739     1.18888  0.00349971
     2.19304     1.17552  0.00426232
     2.21869      1.1456  0.00392698
     2.24434     1.11315   0.0027587
     2.26999     1.08695  0.00253096
     2.29564     1.05667  0.00189174
     2.32129     1.02793   0.0032624
     2.34694     1.00498  0.00389576
     2.37259    0.982526  0.00280012
     2.39824    0.959714  0.00273367
     2.42389    0.942433  0.00247082
     2.44954    0.926742  0.00280014
     2.47519    0.916079  0.00372733
     2.50084    0.903274  0.00230361
     2.52649    0.895036  0.00305611
     2.55214    0.897135  0.00261235
   0.0128248           0           0
   0.0384745           0           0
   0.0641241           0           0
   0.0897737           0           0
    0.115423           0           0
    0.141073           0           0
    0.166723           0           0
    0.192372           0           0
    0.218022           0           0
    0.243672           0           0
    0.269321           0           0
    0.294971           0           0
     0.32062           0           0
     0.34627           0           0
     0.37192           0           0
    0.397569           0           0
    0.423219           0           0
    0.448869           0           0
    0.474518           0           0
    0.500168           0           0
    0.525818           0           0
    0.551467           0           0
    0.577117           0           0
    0.602767           0           0
    0.628416           0           0
    0.654066           0           0
    0.679715           0           0
    0.705365           0           0
    0.731015           0           0
    0.756664           0           0
    0.782314           0           0
    0.807964           0           0
    0.833613           0           0
    0.859263           0           0
    0.884913 2.20459e-05 1.17241e-05
    0.910562  0.00127776 0.000169821
    0.936212   0.0256925 0.000685168
    0.961861    0.177388  0.00242809
    0.987511    0.582987  0.00347246
     1.01316     1.22463   0.0064229
     1.03881     1.88851  0.00667272
     1.06446     2.36548  0.00594956
     1.09011     2.56114  0.00766025
     1.11576      2.5429  0.00550494
     1.14141     2.39851  0.00721269
     1.16706     2.17728  0.00687188
     1.19271     1.94981     0.00632
     1.21836     1.74007  0.00415881
     1.24401     1.54393  0.00577606
     1.26966     1.37083  0.00611746
     1.29531     1.23601  0.00564993
     1.32096     1.11312  0.00443406
     1.34661     1.01717  0.00581052
     1.37226    0.942744  0.00530818
     1.39791      0.8715  0.00471181
     1.42355    0.811078  0.00346677
      1.4492    0.773954  0.00357266
     1.47485    0.737195  0.00290994
      1.5005    0.708502  0.00417345
     1.52615    0.688992  0.00323211
      1.5518    0.678094  0.00341274
     1.57745    0.668223  0.00315027
      1.6031    0.673046  0.00358072
     1.62875    0.679633  0.00306657
      1.6544    0.689154  0.00349773
     1.68005    0.709431  0.00337421
      1.7057     0.72724  0.00423203
     1.73135    0.755004  0.00404577
       1.757    0.784157  0.00315376
     1.78265    0.823163  0.00389287
      1.8083    0.862697  0.00303276
     1.83395    0.901358  0.00367954
      1.8596    0.946551  0.00420446
     1.88525    0.983488  0.00322285
      1.9109      1.0249  0.00320856
     1.93655     1.06056  0.00273636
      1.9622     1.09812   0.0022738
     1.98785     1.13517  0.00267485
      2.0135     1.16268  0.00353109
     2.03915     1.18733  0.00289503
      2.0648     1.20351    0.003676
     2.09045     1.21301  0.00299529
      2.1161     1.21075   0.0029001
     2.14174     1.20111  0.00368182
     2.16739     1.18757  0.00350119
     2.19304     1.17458  0.00408175
     2.21869      1.1455  0.00366641
     2.24434     1.11311  0.00257515
     2.26999     1.08791  0.00253722
     2.29564     1.05714   0.0018231
     2.32129     1.02791    0.003045
     2.34694     1.00519  0.00364172
     2.37259    0.982733   0.0026211
     2.39824    0.959192   0.0026008
     2.42389    0.942622  0.00231331
     2.44954    0.926071  0.00269248
     2.47519    0.916023  0.00347925
     2.50084    0.903631   0.0021774
     2.52649    0.895621  0.00290778
     2.55214    0.897548  0.00247066
   0.0128248           0           0
   0.0384745           0           0
   0.0641241           0           0
   0.0897737           0           0
    0.115423           0           0
    0.141073           0           0
    0.166723           0           0
    0.192372           0           0
    0.218022           0           0
    0.243672           0           0
    0.269321           0           0
    0.294971           0           0
     0.32062           0           0
     0.34627           0           0
     0.37192           0           0
    0.397569           0           0
    0.423219           0           0
    0.448869           0           0
    0.474518           0           0
    0.500168           0           0
    0.525818           0           0
    0.551467           0           0
    0.577117           0           0
    0.602767           0           0
    0.628416           0           0
    0.654066           0           0
    0.679715           0           0
    0.705365           0           0
    0.731015           0           0
    0.756664           0           0
    0.782314           0           0
    0.807964           0           0
    0.833613           0           0
    0.859263           0           0
    0.884913 2.06681e-05  1.1072e-05
    0.910562  0.00129075 0.000159703
    0.936212   0.0258482 0.000659796
    0.961861    0.177754  0.00230379
    0.987511    0.582896  0.00325663
     1.01316     1.22395   0.0060568
     1.03881     1.89066  0.00659245
     1.06446     2.36705  0.00578149
     1.09011      2.5626  0.00732027
     1.11576     2.54145  0.00534805
     1.14141     2.39805  0.00677627
     1.16706     2.18018  0.00702568
     1.19271      1.9546  0.00752306
     1.21836     1.74098  0.00399687
     1.24401     1.54214  0.00568443
     1.26966     1.36927   0.0059296
     1.29531     1.23314  0.00598059
     1.32096     1.11227  0.00423733
     1.34661     1.01604  0.00555475
     1.37226    0.941416  0.00513973
     1.39791    0.869505  0.00482107
     1.42355    0.810537  0.00329204
      1.4492    0.773769  0.00335415
     1.47485    0.737641  0.00276208
      1.5005    0.708138  0.00392844
     1.52615    0.689212  0.00303759
      1.5518    0.677227  0.00330776
     1.57745    0.668336  0.00295541
      1.6031      0.6727  0.00337362
     1.62875    0.679413  0.00288284
      1.6544    0.689738  0.00332754
     1.68005    0.710256  0.00326255
      1.7057    0.728046  0.00404357
     1.73135    0.755549  0.00382945
       1.757    0.786356  0.00364358
     1.78265    0.822771  0.00366923
      1.8083    0.861407  0.00310555
     1.83395    0.901212  0.00345244
      1.8596    0.946388  0.00394485
     1.88525     0.98402  0.00306514
      1.9109     1.02495  0.00300837
     1.93655      1.0615  0.00272323
      1.9622     1.09879  0.00222802
     1.98785     1.13634  0.00275276
      2.0135     1.16436    0.003687
     2.03915     1.18843  0.00291662
      2.0648     1.20375  0.00345398
     2.09045     1.21416  0.00302305
      2.1161     1.21132  0.00277396
     2.14174     1.20006  0.00359928
     2.16739     1.18773  0.00328582
     2.19304     1.17472  0.00382917
     2.21869     1.14511  0.00345776
     2.24434     1.11244  0.00250044
     2.26999     1.08677  0.00262087
     2.29564     1.05643  0.00184389
     2.32129     1.02676  0.00306231
     2.34694     1.00438   0.0035033
     2.37259    0.981777  0.00262581
     2.39824    0.958148  0.00263943
     2.42389    0.942378  0.00218154
     2.44954    0.926042  0.00252436
     2.47519    0.915129  0.00337469
     2.50084    0.903001   0.0021304
     2.52649     0.89523  0.00275226
     2.55214    0.896725  0.00244958
   0.0128248           0           0
   0.0384745           0           0
   0.0641241           0           0
   0.0897737           0           0
    0.115423           0           0
    0.141073           0           0
    0.166723           0           0
    0.192372           0           0
    0.218022           0           0
    0.243672           0           0
    0.269321           0           0
    0.294971           0           0
     0.32062           0           0
     0.34627           0           0
     0.37192           0           0
    0.397569           0           0
    0.423219           0           0
    0.448869           0           0
    0.474518           0           0
    0.500168           0           0
    0.525818           0           0
    0.551467           0           0
    0.577117           0           0
    0.602767           0           0
    0.628416           0           0
    0.654066           0           0
    0.679715           0           0
    0.705365           0           0
    0.731015           0           0
    0.756664           0           0
    0.782314           0           0
    0.807964           0           0
    0.833613           0           0
    0.859263           0           0
    0.884913 1.94523e-05 1.04872e-05
    0.910562  0.00127524  0.00015106
    0.936212   0.0259458 0.000628166
    0.961861    0.177798  0.00216868
    0.987511    0.583967  0.00323643
     1.01316     1.22483  0.00576386
     1.03881     1.89039  0.00621011
     1.06446     2.36524  0.00571589
     1.09011     2.55905  0.00770416
     1.11576     2.53862  0.00573591
     1.14141     2.39775  0.00638452
     1.16706     2.18173  0.00678171
     1.19271     1.95363  0.00714221
     1.21836     1.74054  0.00378581
     1.24401     1.54243  0.00535753
     1.26966     1.37166  0.00604474
     1.29531     1.23469  0.00582452
     1.32096      1.1143  0.00444848
     1.34661     1.01793  0.00554018
     1.37226    0.942464  0.00494306
     1.39791    0.869645  0.00453949
     1.42355    0.809912  0.00315712
      1.4492    0.773101  0.00322268
     1.47485    0.736476  0.00283485
      1.5005    0.708297  0.00370056
     1.52615    0.689515  0.00287402
      1.5518    0.677106  0.00311539
     1.57745    0.668722  0.00280666
      1.6031    0.672648  0.00317556
     1.62875    0.679504  0.00271471
      1.6544    0.689477  0.00314202
     1.68005    0.709655  0.00312543
      1.7057    0.727967  0.00380647
     1.73135    0.756375  0.00369224
       1.757    0.786267  0.00343034
     1.78265    0.822599  0.00345744
      1.8083    0.862169  0.00301491
     1.83395    0.901132   0.0032503
      1.8596    0.945617  0.00378744
     1.88525    0.981874  0.00355783
      1.9109     1.02395  0.00299273
     1.93655     1.06078  0.00265724
      1.9622     1.09794  0.00225389
     1.98785     1.13632  0.00259097
      2.0135     1.16476    0.003492
     2.03915     1.18804  0.00277089
      2.0648     1.20384  0.00325201
     2.09045     1.21509  0.00298371
      2.1161     1.21179  0.00264929
     2.14174     1.19998  0.00338838
     2.16739     1.18745  0.00310476
     2.19304     1.17504  0.00361754
     2.21869     1.14531  0.00325992
     2.24434     1.11339  0.00252802
     2.26999     1.08839  0.00292607
     2.29564     1.05785  0.00221715
     2.32129     1.02736  0.00294056
     2.34694     1.00474  0.00331547
     2.37259    0.981923  0.00247537
     2.39824    0.958307  0.00248894
     2.42389    0.941856  0.00211478
     2.44954    0.925091  0.00254868
     2.47519    0.914519   0.0032308
     2.50084    0.902261  0.00212957
     2.52649    0.895223  0.00259037
     2.55214    0.896605   0.0023084
   0.0128248           0           0
   0.0384745           0           0
   0.0641241           0           0
   0.0897737           0           0
    0.115423           0           0
    0.141073           0           0
    0.166723           0           0
    0.192372           0           0
    0.218022           0           0
    0.243672           0           0
    0.269321           0           0
    0.294971           0           0
     0.32062           0           0
     0.34627           0           0
     0.37192           0           0
    0.397569           0           0
    0.423219           0           0
    0.448869           0           0
    0.474518           0           0
    0.500168           0           0
    0.525818           0           0
    0.551467           0           0
    0.577117           0           0
    0.602767           0           0
    0.628416           0           0
    0.654066           0           0
    0.679715           0           0
    0.705365           0           0
    0.731015           0           0
    0.756664           0           0
    0.782314           0           0
    0.807964           0           0
    0.833613           0           0
    0.859263           0           0
    0.884913 1.83716e-05 9.96015e-06
    0.910562  0.00131648  0.00014819
    0.936212   0.0261635  0.00062985
    0.961861    0.177348  0.00209438
    0.987511     0.58492  0.00319386
     1.01316     1.22521  0.00545609
     1.03881     1.89019  0.00586846
     1.06446     2.36413  0.00550681
     1.09011     2.55854  0.00729281
     1.11576     2.53685  0.00568222
     1.14141     2.39482  0.00666557
     1.16706     2.18008  0.00660264
     1.19271     1.95127  0.00712587
     1.21836     1.74051  0.00357562
     1.24401     1.54497  0.00562605
     1.26966     1.37325  0.00591398
     1.29531      1.2348  0.00550201
     1.32096     1.11445  0.00420374
     1.34661     1.01999  0.00560131
     1.37226    0.941893  0.00470139
     1.39791    0.869862  0.00429252
     1.42355    0.810903  0.00313352
      1.4492    0.772234  0.00315814
     1.47485    0.735502   0.0028399
      1.5005    0.708902   0.0035442
     1.52615    0.688858  0.00278861
      1.5518     0.67803  0.00307623
     1.57745    0.669959  0.00291037
      1.6031    0.673209  0.00304823
     1.62875    0.679764  0.00257636
      1.6544    0.689769  0.00298102
     1.68005    0.709849  0.00295776
      1.7057    0.728663  0.00365796
     1.73135    0.756726  0.00350376
       1.757    0.786406   0.0032426
     1.78265    0.822931  0.00328128
      1.8083    0.861928  0.00285706
     1.83395    0.901555  0.00309723
      1.8596     0.94506  0.00361768
     1.88525    0.982125    0.003369
      1.9109     1.02371  0.00283623
     1.93655     1.05961  0.00275371
      1.9622     1.09766  0.00214632
     1.98785     1.13596  0.00247152
      2.0135     1.16399  0.00338278
     2.03915     1.18721  0.00273916
      2.0648     1.20229  0.00342001
     2.09045     1.21486   0.0028268
      2.1161     1.21211  0.00252197
     2.14174     1.20017  0.00320559
     2.16739     1.18728  0.00293692
     2.19304      1.1742  0.00351271
     2.21869     1.14532  0.00307884
     2.24434     1.11452  0.00262842
     2.26999     1.08926   0.0028897
     2.29564     1.05866  0.00223634
     2.32129     1.02815  0.00287917
     2.34694     1.00503   0.0031442
     2.37259    0.981567  0.00236329
     2.39824    0.958404  0.00235255
     2.42389    0.941927  0.00199848
     2.44954    0.925088  0.00240709
     2.47519    0.914426  0.00305265
     2.50084    0.902041  0.00202261
     2.52649    0.894948  0.00246097
     2.55214      0.8961   0.0022347
   0.0128248           0           0
   0.0384745           0           0
   0.0641241           0           0
   0.0897737           0           0
    0.115423           0           0
    0.141073           0           0
    0.166723           0           0
    0.192372           0           0
    0.218022           0           0
    0.243672           0           0
    0.269321           0           0
    0.294971           0           0
     0.32062           0           0
     0.34627           0           0
     0.37192           0           0
    0.397569           0           0
    0.423219           0           0
    0.448869           0           0
    0.474518           0           0
    0.500168           0           0
    0.525818           0           0
    0.551467           0           0
    0.577117           0           0
    0.602767           0           0
    0.628416           0           0
    0.654066           0           0
    0.679715           0           0
    0.705365           0           0
    0.731015           0           0
    0.756664           0           0
    0.782314           0           0
    0.807964           0           0
    0.833613           0           0
    0.859263           0           0
    0.884913 1.74047e-05 9.48275e-06
    0.910562  0.00129063 0.000142627
    0.936212   0.0260182 0.000613234
    0.961861    0.177279  0.00198526
    0.987511    0.584489   0.0030548
     1.01316     1.22546  0.00517483
     1.03881     1.88781  0.00602379
     1.06446     2.36239  0.00548299
     1.09011     2.55882  0.00691421
     1.11576     2.53826  0.00555525
     1.14141     2.39545  0.00634457
     1.16706     2.18226  0.00660584
     1.19271     1.95447  0.00743301
     1.21836     1.74094  0.00341351
     1.24401     1.54471  0.00533557
     1.26966     1.37479  0.00579915
     1.29531     1.23536   0.0052406
     1.32096     1.11348  0.00409238
     1.34661     1.01905   0.0053847
     1.37226    0.940748  0.00459111
     1.39791    0.869455  0.00408591
     1.42355    0.810991  0.00296982
      1.4492    0.771662  0.00304336
     1.47485    0.734713  0.00279781
      1.5005    0.707621  0.00358175
     1.52615    0.688817  0.00264213
      1.5518    0.677308  0.00299791
     1.57745    0.669916   0.0027575
      1.6031     0.67247  0.00297605
     1.62875    0.679013  0.00254798
      1.6544     0.69058  0.00293241
     1.68005    0.709565  0.00281565
      1.7057     0.72914  0.00349643
     1.73135     0.75762  0.00343139
       1.757     0.78878  0.00384355
     1.78265    0.822933  0.00310858
      1.8083    0.862286  0.00272903
     1.83395    0.901852   0.0029484
      1.8596    0.944709  0.00344435
     1.88525    0.982032  0.00319295
      1.9109     1.02339  0.00270453
     1.93655     1.05936  0.00262033
      1.9622     1.09702  0.00212443
     1.98785     1.13551  0.00238144
      2.0135     1.16394  0.00320508
     2.03915     1.18793  0.00268715
      2.0648     1.20321  0.00336118
     2.09045     1.21515   0.0026932
      2.1161     1.21233  0.00239854
     2.14174     1.20116  0.00318371
     2.16739     1.18759  0.00279909
     2.19304     1.17307  0.00350487
     2.21869     1.14508  0.00292674
     2.24434     1.11482  0.00250671
     2.26999     1.08937   0.0027395
     2.29564     1.05897  0.00214011
     2.32129     1.02807  0.00272859
     2.34694     1.00458  0.00301035
     2.37259    0.981381  0.00224623
     2.39824    0.958226  0.00223546
     2.42389    0.941605  0.00191898
     2.44954    0.925257  0.00228636
     2.47519    0.914615  0.00289781
     2.50084    0.901549  0.00197514
     2.52649    0.894386  0.00239475
     2.55214    0.895819  0.00213467
   0.0128248           0           0
   0.0384745           0           0
   0.0641241           0           0
   0.0897737           0           0
    0.115423           0           0
    0.141073           0           0
    0.166723           0           0
    0.192372           0           0
    0.218022           0           0
    0.243672           0           0
    0.269321           0           0
    0.294971           0           0
     0.32062           0           0
     0.34627           0           0
     0.37192           0           0
    0.397569           0           0
    0.423219           0           0
    0.448869           0           0
    0.474518           0           0
    0.500168           0           0
    0.525818           0           0
    0.551467           0           0
    0.577117           0           0
    0.602767           0           0
    0.628416           0           0
    0.654066           0           0
    0.679715           0           0
    0.705365           0           0
    0.731015           0           0
    0.756664           0           0
    0.782314           0           0
    0.807964           0           0
    0.833613           0           0
    0.859263           0           0
    0.884913 1.65344e-05 9.04845e-06
    0.910562  0.00132789 0.000140278
    0.936212   0.0261213 0.000591171
    0.961861    0.177576  0.00190805
    0.987511       0.584  0.00294089
     1.01316     1.22433  0.00503768
     1.03881     1.88799  0.00572533
     1.06446     2.36469   0.0056704
     1.09011     2.56053  0.00677671
     1.11576     2.53738  0.00534621
     1.14141     2.39591  0.00604363
     1.16706      2.1795  0.00682663
     1.19271     1.95344  0.00713152
     1.21836     1.74327  0.00395783
     1.24401     1.54454  0.00507146
     1.26966     1.37635  0.00571594
     1.29531     1.23573  0.00499205
     1.32096     1.11341  0.00388846
     1.34661      1.0186  0.00513409
     1.37226    0.938847  0.00473902
     1.39791      0.8692  0.00388957
     1.42355    0.810293  0.00290207
      1.4492    0.771215  0.00292371
     1.47485    0.734886  0.00266328
      1.5005    0.707999  0.00342253
     1.52615    0.688359  0.00254945
      1.5518    0.676683  0.00291239
     1.57745    0.669217  0.00270676
      1.6031    0.672303  0.00283191
     1.62875    0.679163  0.00242498
      1.6544    0.690372  0.00279317
     1.68005    0.710403  0.00279689
      1.7057    0.728998  0.00332448
     1.73135    0.757456  0.00326373
       1.757     0.78869  0.00365241
     1.78265    0.823371   0.0029839
      1.8083    0.863778  0.00297286
     1.83395    0.902698  0.00291974
      1.8596    0.945433  0.00334746
     1.88525    0.983034  0.00318651
      1.9109     1.02427   0.0027097
     1.93655     1.05963    0.002503
      1.9622     1.09759  0.00209161
     1.98785     1.13544   0.0022634
      2.0135     1.16489  0.00318118
     2.03915     1.18749  0.00258808
      2.0648     1.20235  0.00330128
     2.09045     1.21406  0.00277007
      2.1161     1.21082  0.00270898
     2.14174      1.2012  0.00302482
     2.16739     1.18682  0.00276395
     2.19304     1.17192  0.00351303
     2.21869     1.14329  0.00328044
     2.24434     1.11413  0.00247242
     2.26999       1.089  0.00262639
     2.29564      1.0595  0.00209811
     2.32129     1.02883  0.00269676
     2.34694     1.00485  0.00287122
     2.37259    0.981534  0.00213918
     2.39824    0.958403  0.00213073
     2.42389    0.941351  0.00183987
     2.44954    0.924893  0.00220081
     2.47519    0.914149  0.00279007
     2.50084     0.90145  0.00187888
     2.52649     0.89472  0.00229812
     2.55214    0.895587  0.00204054
   0.0128248           0           0
   0.0384745           0           0
   0.0641241           0           0
   0.0897737           0           0
    0.115423           0           0
    0.141073           0           0
    0.166723           0           0
    0.192372           0           0
    0.218022           0           0
    0.243672           0           0
    0.269321           0           0
    0.294971           0           0
     0.32062           0           0
     0.34627           0           0
     0.37192           0           0
    0.397569           0           0
    0.423219           0           0
    0.448869           0           0
    0.474518           0           0
    0.500168           0           0
    0.525818           0           0
    0.551467           0           0
    0.577117           0           0
    0.602767           0           0
    0.628416           0           0
    0.654066           0           0
    0.679715           0           0
    0.705365           0           0
    0.731015           0           0
    0.756664           0           0
    0.782314           0           0
    0.807964           0           0
    0.833613           0           0
    0.859263           0           0
    0.884913 1.57471e-05 8.65176e-06
    0.910562  0.00132754 0.000133599
    0.936212   0.0261246 0.000563029
    0.961861      0.1774  0.00182531
    0.987511    0.584113  0.00280302
     1.01316     1.22381  0.00482475
     1.03881     1.88735  0.00548829
     1.06446     2.36172  0.00612985
     1.09011     2.56267  0.00678388
     1.11576     2.53772  0.00510197
     1.14141     2.39559  0.00576446
     1.16706     2.17996   0.0065168
     1.19271     1.95288  0.00681433
     1.21836      1.7425  0.00384377
     1.24401     1.54521  0.00487361
     1.26966     1.37678  0.00545937
     1.29531     1.23494  0.00481663
     1.32096     1.11238  0.00383577
     1.34661      1.0183  0.00489856
     1.37226    0.939543  0.00456424
     1.39791    0.870857  0.00404224
     1.42355    0.811425  0.00297645
      1.4492    0.771659  0.00281787
     1.47485    0.734366   0.0025867
      1.5005    0.707382  0.00331473
     1.52615    0.687898  0.00246944
      1.5518    0.677237  0.00282593
     1.57745    0.670091  0.00271524
      1.6031    0.671696  0.00276138
     1.62875    0.678727  0.00234835
      1.6544    0.690413  0.00266046
     1.68005    0.710665  0.00267588
      1.7057    0.729238  0.00317478
     1.73135     0.75717  0.00312075
       1.757    0.788402  0.00348981
     1.78265    0.823471  0.00284347
      1.8083     0.86315  0.00289685
     1.83395    0.902523  0.00278592
      1.8596     0.94617  0.00326827
     1.88525    0.983216  0.00303997
      1.9109     1.02394   0.0026007
     1.93655     1.05995  0.00240472
      1.9622     1.09795  0.00202289
     1.98785     1.13483  0.00223617
      2.0135     1.16398  0.00315741
     2.03915     1.18721  0.00247953
      2.0648      1.2021  0.00315316
     2.09045      1.2144  0.00265803
      2.1161     1.21122  0.00260921
     2.14174     1.20189  0.00295821
     2.16739     1.18737  0.00268831
     2.19304     1.17182  0.00334735
     2.21869     1.14331  0.00312429
     2.24434     1.11368  0.00239595
     2.26999     1.08893  0.00250237
     2.29564     1.05958  0.00199969
     2.32129     1.02847  0.00259338
     2.34694     1.00451  0.00275427
     2.37259    0.981135  0.00207422
     2.39824    0.957838  0.00210295
     2.42389     0.94079  0.00183568
     2.44954     0.92502  0.00209969
     2.47519    0.914139  0.00265723
     2.50084    0.901953  0.00185568
     2.52649    0.895001  0.00220583
     2.55214     0.89611  0.00200919
   0.0128248           0           0
   0.0384745           0           0
   0.0641241           0           0
   0.0897737           0           0
    0.115423           0           0
    0.141073           0           0
    0.166723           0           0
    0.192372           0           0
    0.218022           0           0
    0.243672           0           0
    0.269321           0           0
    0.294971           0           0
     0.32062           0           0
     0.34627           0           0
     0.37192           0           0
    0.397569           0           0
    0.423219           0           0
    0.448869           0           0
    0.474518           0           0
    0.500168           0           0
    0.525818           0           0
    0.551467           0           0
    0.577117           0           0
    0.602767           0           0
    0.628416           0           0
    0.654066           0           0
    0.679715           0           0
    0.705365           0           0
    0.731015           0           0
    0.756664           0           0
    0.782314           0           0
    0.807964           0           0
    0.833613           0           0
    0.859263           0           0
    0.884913 1.50313e-05 8.28806e-06
    0.910562  0.00130805  0.00012894
    0.936212   0.0261316  0.00053748
    0.961861    0.176862  0.00181987
    0.987511    0.583372  0.00277187
     1.01316     1.22281  0.00470887
     1.03881     1.88537  0.00558326
     1.06446      2.3613  0.00586524
     1.09011     2.56509  0.00689356
     1.11576     2.53813  0.00488717
     1.14141     2.39575  0.00550475
     1.16706     2.17872  0.00633664
     1.19271     1.95416  0.00662518
     1.21836     1.74358  0.00381825
     1.24401     1.54518  0.00465216
     1.26966     1.37645  0.00522069
     1.29531     1.23639  0.00481059
     1.32096     1.11241   0.0036615
     1.34661     1.01668  0.00493722
     1.37226    0.939956   0.0043754
     1.39791    0.871022  0.00386186
     1.42355    0.812548  0.00304561
      1.4492    0.772385  0.00278198
     1.47485    0.735191  0.00259715
      1.5005    0.707709  0.00318016
     1.52615    0.688246  0.00238165
      1.5518    0.677013  0.00270638
     1.57745    0.670272  0.00259785
      1.6031       0.672  0.00265259
     1.62875    0.679123  0.00227468
      1.6544    0.691244  0.00266623
     1.68005    0.711134  0.00259516
      1.7057    0.729648  0.00305681
     1.73135     0.75652  0.00304591
       1.757    0.787539   0.0034362
     1.78265    0.822933  0.00276467
      1.8083    0.862242  0.00290411
     1.83395    0.901075  0.00301208
      1.8596    0.945282  0.00323829
     1.88525    0.982393  0.00301118
      1.9109     1.02318  0.00259096
     1.93655      1.0595  0.00233692
      1.9622     1.09792   0.0019312
     1.98785     1.13443  0.00217114
      2.0135     1.16431  0.00303204
     2.03915     1.18738  0.00237206
      2.0648     1.20224  0.00301276
     2.09045      1.2148  0.00256835
      2.1161     1.21105  0.00249658
     2.14174     1.20155   0.0028432
     2.16739     1.18753  0.00257066
     2.19304     1.17129  0.00323591
     2.21869     1.14399  0.00305656
     2.24434     1.11455  0.00244073
     2.26999     1.08947  0.00244712
     2.29564      1.0605  0.00211051
     2.32129     1.02959  0.00270638
     2.34694     1.00488  0.00265445
     2.37259    0.981022  0.00198301
     2.39824    0.959395  0.00251846
     2.42389     0.94142  0.00185732
     2.44954    0.924692  0.00202968
     2.47519    0.914316  0.00254234
     2.50084    0.901891   0.0017724
     2.52649    0.895424  0.00214575
     2.55214     0.89603  0.00191945
   0.0128248           0           0
   0.0384745           0           0
   0.0641241           0           0
   0.0897737           0           0
    0.115423           0           0
    0.141073           0           0
    0.166723           0           0
    0.192372           0           0
    0.218022           0           0
    0.243672           0           0
    0.269321           0           0
    0.294971           0           0
     0.32062           0           0
     0.34627           0           0
     0.37192           0           0
    0.397569           0           0
    0.423219           0           0
    0.448869           0           0
    0.474518           0           0
    0.500168           0           0
    0.525818           0           0
    0.551467           0           0
    0.577117           0           0
    0.602767           0           0
    0.628416           0           0
    0.654066           0           0
    0.679715           0           0
    0.705365           0           0
    0.731015           0           0
    0.756664           0           0
    0.782314           0           0
    0.807964           0           0
    0.833613           0           0
    0.859263           0           0
    0.884913 1.43778e-05 7.95343e-06
    0.910562  0.00128228 0.000125883
    0.936212   0.0258435 0.000586268
    0.961861    0.176911   0.0017414
    0.987511    0.583422  0.00265181
     1.01316     1.22383  0.00461311
     1.03881     1.88654  0.00546195
     1.06446     2.36289  0.00581977
     1.09011       2.565  0.00659441
     1.11576     2.53889  0.00473224
     1.14141     2.39665  0.00533815
     1.16706      2.1781  0.00609168
     1.19271     1.95097  0.00706458
     1.21836      1.7422  0.00389532
     1.24401      1.5436  0.00471286
     1.26966      1.3757  0.00504726
     1.29531     1.23534  0.00471416
     1.32096     1.11244  0.00350247
     1.34661      1.0161   0.0047561
     1.37226    0.939559   0.0042031
     1.39791    0.871688  0.00375095
     1.42355    0.813858   0.0031826
      1.4492     0.77276  0.00268618
     1.47485    0.736107  0.00264088
      1.5005    0.708722  0.00319922
     1.52615    0.688716  0.00232397
      1.5518    0.676515  0.00263413
     1.57745    0.669949  0.00250493
      1.6031    0.671954  0.00253766
     1.62875    0.679331  0.00218533
      1.6544    0.691401  0.00255493
     1.68005    0.711559  0.00251686
      1.7057    0.729998  0.00294396
     1.73135    0.756206  0.00292964
       1.757    0.787095  0.00331543
     1.78265     0.82221   0.0027374
      1.8083    0.861874  0.00280109
     1.83395    0.901631  0.00293188
      1.8596    0.945491  0.00310427
     1.88525    0.982634  0.00288988
      1.9109     1.02338  0.00248597
     1.93655     1.06018  0.00233238
      1.9622     1.09871  0.00200359
     1.98785     1.13489  0.00212546
      2.0135     1.16402  0.00291405
     2.03915     1.18785  0.00231679
      2.0648     1.20238  0.00288487
     2.09045     1.21466  0.00246076
      2.1161     1.21088  0.00239376
     2.14174     1.20169    0.002723
     2.16739     1.18722  0.00247816
     2.19304     1.17062  0.00316542
     2.21869     1.14342  0.00297705
     2.24434     1.11412  0.00237206
     2.26999     1.08905  0.00237777
     2.29564        1.06  0.00207674
     2.32129     1.02901  0.00264992
     2.34694       1.005  0.00254165
     2.37259    0.980745  0.00191601
     2.39824    0.958991  0.00244111
     2.42389    0.941167  0.00179381
     2.44954    0.924823  0.00194564
     2.47519    0.914669  0.00245619
     2.50084    0.901497  0.00173852
     2.52649    0.895388  0.00205276
     2.55214    0.896247  0.00184825
   0.0128248           0           0
   0.0384745           0           0
   0.0641241           0           0
   0.0897737           0           0
    0.115423           0           0
    0.141073           0           0
    0.166723           0           0
    0.192372           0           0
    0.218022           0           0
    0.243672           0           0
    0.269321           0           0
    0.294971           0           0
     0.32062           0           0
     0.34627           0           0
     0.37192           0           0
    0.397569           0           0
    0.423219           0           0
    0.448869           0           0
    0.474518           0           0
    0.500168           0           0
    0.525818           0           0
    0.551467           0           0
    0.577117           0           0
    0.602767           0           0
    0.628416           0           0
    0.654066           0           0
    0.679715           0           0
    0.705365           0           0
    0.731015           0           0
    0.756664           0           0
    0.782314           0           0
    0.807964           0           0
    0.833613           0           0
    0.859263           0           0
    0.884913 1.37787e-05 7.64457e-06
    0.910562   0.0012556 0.000123433
    0.936212   0.0259251 0.000567494
    0.961861     0.17703  0.00167292
    0.987511    0.582778  0.00261839
     1.01316     1.22519  0.00461705
     1.03881     1.88678  0.00523956
     1.06446     2.36262   0.0055834
     1.09011     2.56434  0.00635257
     1.11576     2.53704  0.00488294
     1.14141     2.39381  0.00582256
     1.16706     2.17761  0.00585773
     1.19271     1.95048  0.00678705
     1.21836     1.74343  0.00392259
     1.24401     1.54525  0.00479752
     1.26966     1.37702  0.00500427
     1.29531     1.23685  0.00475313
     1.32096     1.11464  0.00398721
     1.34661     1.01727  0.00469831
     1.37226    0.939504  0.00402834
     1.39791    0.872572   0.0036974
     1.42355    0.813877  0.00305005
      1.4492    0.772325  0.00260928
     1.47485    0.736055  0.00253136
      1.5005    0.709315  0.00312027
     1.52615    0.688989  0.00224306
      1.5518    0.676245  0.00253811
     1.57745    0.670013  0.00240137
      1.6031     0.67191  0.00243231
     1.62875    0.679003  0.00211876
      1.6544    0.691228  0.00245429
     1.68005    0.710913   0.0024936
      1.7057    0.729285  0.00290639
     1.73135    0.755346   0.0029312
       1.757    0.786025  0.00334558
     1.78265    0.821278  0.00277739
      1.8083    0.861132  0.00278077
     1.83395    0.901432  0.00281643
      1.8596    0.944856  0.00303927
     1.88525    0.982867  0.00277885
      1.9109     1.02263  0.00249291
     1.93655     1.05981  0.00226463
      1.9622     1.09784  0.00210184
     1.98785      1.1342  0.00214433
      2.0135     1.16315  0.00292062
     2.03915     1.18799  0.00222396
      2.0648      1.2021  0.00277813
     2.09045      1.2146  0.00235907
      2.1161     1.21243  0.00275063
     2.14174     1.20237  0.00269391
     2.16739     1.18778  0.00243716
     2.19304     1.17078  0.00303778
     2.21869     1.14436  0.00299806
     2.24434     1.11526  0.00253115
     2.26999      1.0894  0.00230524
     2.29564     1.06069  0.00210241
     2.32129     1.02999  0.00271459
     2.34694      1.0052  0.00244337
     2.37259     0.98131  0.00191742
     2.39824    0.959043  0.00233996
     2.42389    0.941443  0.00174017
     2.44954    0.924976  0.00187059
     2.47519    0.914209  0.00239655
     2.50084    0.901554  0.00166704
     2.52649    0.896003  0.00205722
     2.55214    0.896837  0.00186309
   0.0128248           0           0
   0.0384745           0           0
   0.0641241           0           0
   0.0897737           0           0
    0.115423           0           0
    0.141073           0           0
    0.166723           0           0
    0.192372           0           0
    0.218022           0           0
    0.243672           0           0
    0.269321           0           0
    0.294971           0           0
     0.32062           0           0
     0.34627           0           0
     0.37192           0           0
    0.397569           0           0
    0.423219           0           0
    0.448869           0           0
    0.474518           0           0
    0.500168           0           0
    0.525818           0           0
    0.551467           0           0
    0.577117           0           0
    0.602767           0           0
    0.628416           0           0
    0.654066           0           0
    0.679715           0           0
    0.705365           0           0
    0.731015           0           0
    0.756664           0           0
    0.782314           0           0
    0.807964           0           0
    0.833613           0           0
    0.859263           0           0
    0.884913 1.32276e-05 7.35862e-06
    0.910562  0.00127727 0.000120384
    0.936212   0.0260279 0.000554028
    0.961861     0.17696  0.00160749
    0.987511    0.583253  0.00255634
     1.01316     1.22492  0.00444014
     1.03881     1.88632  0.00505041
     1.06446     2.36146  0.00547896
     1.09011     2.56372  0.00612931
     1.11576     2.53685  0.00469135
     1.14141     2.39452  0.00563294
     1.16706     2.17697  0.00565752
     1.19271     1.95085  0.00652555
     1.21836     1.74367   0.0037731
     1.24401     1.54537   0.0046071
     1.26966     1.37801  0.00490225
     1.29531      1.2374  0.00459408
     1.32096     1.11553  0.00392591
     1.34661     1.01762  0.00452346
     1.37226    0.939399  0.00386857
     1.39791    0.872777  0.00355515
     1.42355    0.813414  0.00296301
      1.4492    0.771975  0.00252828
     1.47485    0.735882  0.00243602
      1.5005    0.709507  0.00300138
     1.52615    0.689578  0.00222942
      1.5518    0.676377  0.00244002
     1.57745    0.670356  0.00232969
      1.6031    0.671914  0.00233502
     1.62875    0.679313  0.00205656
      1.6544    0.691654   0.0023928
     1.68005    0.711664  0.00250442
      1.7057    0.729469  0.00279594
     1.73135    0.754995  0.00283487
       1.757    0.785874  0.00321514
     1.78265    0.821582  0.00268291
      1.8083    0.861031  0.00267141
     1.83395    0.900727  0.00279076
      1.8596    0.943698  0.00313062
     1.88525    0.982023  0.00279289
      1.9109     1.02248   0.0023981
     1.93655     1.05941  0.00220956
      1.9622     1.09767  0.00202443
     1.98785     1.13416  0.00205903
      2.0135     1.16228  0.00292991
     2.03915     1.18706  0.00231958
      2.0648     1.20154  0.00272307
     2.09045     1.21417  0.00230191
      2.1161      1.2135   0.0028424
     2.14174     1.20307  0.00267393
     2.16739     1.18853  0.00245434
     2.19304     1.17131  0.00296246
     2.21869     1.14508  0.00296254
     2.24434     1.11538  0.00243266
     2.26999     1.08864  0.00233508
     2.29564     1.06046  0.00203057
     2.32129     1.03052   0.0026586
     2.34694     1.00556  0.00237207
     2.37259    0.981868  0.00192044
     2.39824     0.95957  0.00230492
     2.42389    0.941508  0.00167179
     2.44954    0.924942  0.00179608
     2.47519    0.914349  0.00230479
     2.50084    0.902071  0.00167846
     2.52649    0.896256  0.00199042
     2.55214    0.896272  0.00187223
   0.0128248           0           0
   0.0384745           0           0
   0.0641241           0           0
   0.0897737           0           0
    0.115423           0           0
    0.141073           0           0
    0.166723           0           0
    0.192372           0           0
    0.218022           0           0
    0.243672           0           0
    0.269321           0           0
    0.294971           0           0
     0.32062           0           0
     0.34627           0           0
     0.37192           0           0
    0.397569           0           0
    0.423219           0           0
    0.448869           0           0
    0.474518           0           0
    0.500168           0           0
    0.525818           0           0
    0.551467           0           0
    0.577117           0           0
    0.602767           0           0
    0.628416           0           0
    0.654066           0           0
    0.679715           0           0
    0.705365           0           0
    0.731015           0           0
    0.756664           0           0
    0.782314           0           0
    0.807964           0           0
    0.833613           0           0
    0.859263           0           0
    0.884913 1.27188e-05 7.09317e-06
    0.910562  0.00129022 0.000116448
    0.936212   0.0260269  0.00053272
    0.961861    0.176396   0.0016415
    0.987511     0.58307  0.00246454
     1.01316     1.22529  0.00428523
     1.03881     1.88825  0.00521232
     1.06446     2.36262   0.0053896
     1.09011     2.56562  0.00618191
     1.11576     2.53617  0.00455893
     1.14141     2.39146  0.00618961
     1.16706     2.17658  0.00545336
     1.19271     1.95128  0.00628881
     1.21836     1.74264  0.00376545
     1.24401      1.5445  0.00451103
     1.26966     1.37652   0.0049367
     1.29531     1.23753  0.00441929
     1.32096     1.11429  0.00396692
     1.34661     1.01711  0.00437771
     1.37226    0.939012  0.00373908
     1.39791    0.872849  0.00341914
     1.42355    0.813814  0.00287598
      1.4492    0.773295  0.00275421
     1.47485     0.73607   0.0023496
      1.5005    0.710439   0.0030272
     1.52615    0.689985  0.00218052
      1.5518    0.677319  0.00252137
     1.57745    0.671402  0.00246364
      1.6031    0.673104  0.00253026
     1.62875    0.680628  0.00236071
      1.6544    0.692109  0.00234349
     1.68005    0.711639  0.00240822
      1.7057     0.72939  0.00268953
     1.73135    0.754972  0.00272592
       1.757    0.785554  0.00310739
     1.78265    0.821403  0.00258568
      1.8083    0.860869  0.00257353
     1.83395    0.899939  0.00279228
      1.8596    0.942061  0.00341151
     1.88525    0.981061  0.00284623
      1.9109      1.0217  0.00242785
     1.93655     1.05955  0.00212891
      1.9622      1.0974  0.00196456
     1.98785     1.13341  0.00211313
      2.0135     1.16193  0.00283881
     2.03915     1.18788  0.00237169
      2.0648     1.20225  0.00271061
     2.09045     1.21427  0.00221543
      2.1161     1.21417  0.00280958
     2.14174     1.20329  0.00258071
     2.16739     1.18831  0.00236998
     2.19304     1.17093  0.00287291
     2.21869     1.14413  0.00299766
     2.24434     1.11502  0.00236537
     2.26999     1.08864  0.00224527
     2.29564     1.06034  0.00195615
     2.32129     1.03043  0.00255796
     2.34694     1.00544  0.00228391
     2.37259    0.981369  0.00191033
     2.39824    0.959804  0.00222812
     2.42389    0.941502   0.0016075
     2.44954    0.925585  0.00183846
     2.47519    0.915369  0.00243119
     2.50084    0.902664  0.00171539
     2.52649    0.896938  0.00202749
     2.55214    0.896788  0.00186978
   0.0128248           0           0
   0.0384745           0           0
   0.0641241           0           0
   0.0897737           0           0
    0.115423           0           0
    0.141073           0           0
    0.166723           0           0
    0.192372           0           0
    0.218022           0           0
    0.243672           0           0
    0.269321           0           0
    0.294971           0           0
     0.32062           0           0
     0.34627           0           0
     0.37192           0           0
    0.397569           0           0
    0.423219           0           0
    0.448869           0           0
    0.474518           0           0
    0.500168           0           0
    0.525818           0           0
    0.551467           0           0
    0.577117           0           0
    0.602767           0           0
    0.628416           0           0
    0.654066           0           0
    0.679715           0           0
    0.705365           0           0
    0.731015           0           0
    0.756664           0           0
    0.782314           0           0
    0.807964           0           0
    0.833613           0           0
    0.859263           0           0
    0.884913 2.01727e-05 1.00079e-05
    0.910562  0.00132463 0.000117109
    0.936212   0.0261895 0.000537243
    0.961861    0.176521  0.00158546
    0.987511    0.583057  0.00237329
     1.01316     1.22578  0.00415354
     1.03881     1.88733  0.00509974
     1.06446     2.36054  0.00557725
     1.09011     2.56443  0.00606616
     1.11576     2.53543  0.00445096
     1.14141     2.39106  0.00597359
     1.16706     2.17621  0.00526444
     1.19271     1.95135  0.00605621
     1.21836     1.74498  0.00429284
     1.24401     1.54501  0.00437308
     1.26966     1.37651  0.00475386
     1.29531     1.23786  0.00426761
     1.32096     1.11429     0.00382
     1.34661      1.0175  0.00423281
     1.37226    0.939986  0.00372526
     1.39791    0.872603  0.00330135
     1.42355    0.813899   0.0027707
      1.4492    0.773416  0.00265483
     1.47485    0.736289  0.00227276
      1.5005    0.711504  0.00309692
     1.52615    0.690359  0.00213165
      1.5518    0.677839  0.00248099
     1.57745     0.67223  0.00250774
      1.6031    0.673801  0.00253061
     1.62875    0.680525  0.00227553
      1.6544    0.691475  0.00234072
     1.68005    0.710615  0.00252733
      1.7057    0.729042  0.00261229
     1.73135    0.754826  0.00262891
       1.757    0.785773  0.00300003
     1.78265    0.821428  0.00249003
      1.8083    0.860441  0.00251358
     1.83395    0.899866  0.00268983
      1.8596    0.941498  0.00333128
     1.88525      0.9801  0.00289859
      1.9109     1.02113  0.00240479
     1.93655     1.05879  0.00218163
      1.9622     1.09726  0.00189695
     1.98785     1.13332  0.00203645
      2.0135     1.16191  0.00273371
     2.03915     1.18791  0.00228399
      2.0648     1.20251  0.00262255
     2.09045      1.2147  0.00217376
      2.1161     1.21396  0.00271287
     2.14174     1.20325  0.00248548
     2.16739     1.18799  0.00230373
     2.19304     1.17141  0.00280583
     2.21869     1.14439  0.00289816
     2.24434      1.1158  0.00240166
     2.26999      1.0891   0.0022081
     2.29564     1.06115  0.00204525
     2.32129     1.03093  0.00251231
     2.34694     1.00521   0.0022105
     2.37259    0.981619  0.00185579
     2.39824    0.960136  0.00217006
     2.42389    0.941572  0.00154947
     2.44954    0.925781   0.0017808
     2.47519    0.915138  0.00235205
     2.50084    0.902258  0.00169926
     2.52649    0.896879  0.00195326
     2.55214    0.896617  0.00180833
   0.0128248           0           0
   0.0384745           0           0
   0.0641241           0           0
   0.0897737           0           0
    0.115423           0           0
    0.141073           0           0
    0.166723           0           0
    0.192372           0           0
    0.218022           0           0
    0.243672           0           0
    0.269321           0           0
    0.294971           0           0
     0.32062           0           0
     0.34627           0           0
     0.37192           0           0
    0.397569           0           0
    0.423219           0           0
    0.448869           0           0
    0.474518           0           0
    0.500168           0           0
    0.525818           0           0
    0.551467           0           0
    0.577117           0           0
    0.602767           0           0
    0.628416           0           0
    0.654066           0           0
    0.679715           0           0
    0.705365           0           0
    0.731015           0           0
    0.756664           0           0
    0.782314           0           0
    0.807964           0           0
    0.833613           0           0
    0.859263           0           0
    0.884913 1.94523e-05 9.67639e-06
    0.910562  0.00131531 0.000113296
    0.936212    0.026257 0.000522279
    0.961861    0.176951  0.00158603
    0.987511    0.583849  0.00241709
     1.01316     1.22555  0.00401113
     1.03881     1.88592  0.00510763
     1.06446     2.35903  0.00557891
     1.09011     2.56328  0.00595734
     1.11576     2.53503  0.00430934
     1.14141     2.39086  0.00576368
     1.16706     2.17658  0.00508938
     1.19271     1.95062  0.00588284
     1.21836     1.74396  0.00425822
     1.24401     1.54457  0.00423883
     1.26966     1.37811  0.00484588
     1.29531     1.24054  0.00488875
     1.32096     1.11568  0.00393048
     1.34661     1.01783  0.00409425
     1.37226    0.940043  0.00359265
     1.39791    0.872941  0.00320074
     1.42355    0.814548  0.00274677
      1.4492    0.773723  0.00257778
     1.47485    0.736888  0.00226916
      1.5005    0.712199  0.00306312
     1.52615    0.690112  0.00206986
      1.5518    0.677288  0.00245274
     1.57745    0.671601  0.00249581
      1.6031    0.673406  0.00247084
     1.62875    0.680735  0.00220397
      1.6544    0.691528  0.00225772
     1.68005     0.71012  0.00248503
      1.7057    0.728657  0.00254713
     1.73135    0.755353   0.0025874
       1.757    0.785932  0.00289707
     1.78265    0.821402  0.00240123
      1.8083    0.860306  0.00242744
     1.83395    0.899776  0.00259527
      1.8596    0.940912  0.00326338
     1.88525     0.97951  0.00285441
      1.9109     1.02066   0.0023638
     1.93655     1.05873  0.00210441
      1.9622     1.09725  0.00182922
     1.98785     1.13242   0.0021571
      2.0135      1.1611  0.00275486
     2.03915     1.18743  0.00225115
      2.0648     1.20187  0.00260553
     2.09045     1.21438  0.00211971
      2.1161      1.2139  0.00261679
     2.14174     1.20416  0.00255844
     2.16739     1.18854  0.00228617
     2.19304     1.17155  0.00270907
     2.21869     1.14465  0.00280604
     2.24434     1.11671  0.00248258
     2.26999     1.08928   0.0021365
     2.29564     1.06167  0.00203688
     2.32129      1.0317  0.00253639
     2.34694     1.00627  0.00237113
     2.37259    0.982045   0.0018378
     2.39824    0.960751  0.00217808
     2.42389    0.942032  0.00156099
     2.44954    0.925831   0.0017179
     2.47519     0.91464  0.00232021
     2.50084    0.902355  0.00164136
     2.52649    0.896523  0.00191582
     2.55214    0.895886  0.00188541
   0.0128248           0           0
   0.0384745           0           0
   0.0641241           0           0
   0.0897737           0           0
    0.115423           0           0
    0.141073           0           0
    0.166723           0           0
    0.192372           0           0
    0.218022           0           0
    0.243672           0           0
    0.269321           0           0
    0.294971           0           0
     0.32062           0           0
     0.34627           0           0
     0.37192           0           0
    0.397569           0           0
    0.423219           0           0
    0.448869           0           0
    0.474518           0           0
    0.500168           0           0
    0.525818           0           0
    0.551467           0           0
    0.577117           0           0
    0.602767           0           0
    0.628416           0           0
    0.654066           0           0
    0.679715           0           0
    0.705365           0           0
    0.731015           0           0
    0.756664           0           0
    0.782314           0           0
    0.807964           0           0
    0.833613           0           0
    0.859263           0           0
    0.884913 1.87815e-05 9.36595e-06
    0.910562  0.00131866 0.000109439
    0.936212   0.0260654 0.000538272
    0.961861    0.176488  0.00159755
    0.987511    0.583795  0.00233434
     1.01316     1.22523  0.00388592
     1.03881      1.8869  0.00502297
     1.06446     2.35807  0.00546833
     1.09011     2.56025  0.00647529
     1.11576     2.53632  0.00434907
     1.14141     2.39288  0.00590854
     1.16706     2.17798  0.00510314
     1.19271     1.95118  0.00570584
     1.21836     1.74375  0.00411684
     1.24401      1.5439  0.00414637
     1.26966      1.3786  0.00470268
     1.29531     1.24206  0.00495019
     1.32096     1.11608  0.00381543
     1.34661     1.01823  0.00397296
     1.37226    0.940242  0.00347427
     1.39791      0.8731  0.00309433
     1.42355    0.813661  0.00279161
      1.4492    0.773016  0.00258403
     1.47485    0.736179  0.00229912
      1.5005    0.711693   0.0029989
     1.52615    0.690611  0.00205776
      1.5518    0.677575  0.00238485
     1.57745    0.672111  0.00246143
      1.6031    0.673556  0.00239019
     1.62875    0.681147  0.00216607
      1.6544    0.691071  0.00222558
     1.68005    0.709368   0.0025107
      1.7057    0.728329  0.00248032
     1.73135    0.754958  0.00252817
       1.757    0.785379  0.00284934
     1.78265    0.821754  0.00234407
      1.8083    0.860174   0.0023473
     1.83395    0.899903  0.00250892
      1.8596    0.940474  0.00318014
     1.88525    0.979548  0.00275623
      1.9109     1.02076  0.00228425
     1.93655     1.05828   0.0020797
      1.9622     1.09735    0.001769
     1.98785     1.13229  0.00208635
      2.0135     1.16105  0.00266031
     2.03915     1.18779  0.00220223
      2.0648     1.20208  0.00252389
     2.09045     1.21413  0.00206051
      2.1161     1.21392  0.00252667
     2.14174     1.20391  0.00248299
     2.16739     1.18859  0.00220786
     2.19304     1.17231  0.00272027
     2.21869     1.14533  0.00279202
     2.24434     1.11732  0.00247115
     2.26999     1.08945  0.00206995
     2.29564     1.06183  0.00197257
     2.32129     1.03215  0.00248835
     2.34694     1.00616  0.00229197
     2.37259    0.981941  0.00177738
     2.39824    0.961302  0.00217145
     2.42389    0.942077  0.00150782
     2.44954    0.925043  0.00183078
     2.47519     0.91436  0.00225704
     2.50084    0.902297  0.00158578
     2.52649    0.896612  0.00185186
     2.55214    0.895655  0.00183459
   0.0128248           0           0
   0.0384745           0           0
   0.0641241           0           0
   0.0897737           0           0
    0.115423           0           0
    0.141073           0           0
    0.166723           0           0
    0.192372           0           0
    0.218022           0           0
    0.243672           0           0
    0.269321           0           0
    0.294971           0           0
     0.32062           0           0
     0.34627           0           0
     0.37192           0           0
    0.397569           0           0
    0.423219           0           0
    0.448869           0           0
    0.474518           0           0
    0.500168           0           0
    0.525818           0           0
    0.551467           0           0
    0.577117           0           0
    0.602767           0           0
    0.628416           0           0
    0.654066           0           0
    0.679715           0           0
    0.705365           0           0
    0.731015           0           0
    0.756664           0           0
    0.782314           0           0
    0.807964           0           0
    0.833613           0           0
    0.859263           0           0
    0.884913 1.81555e-05 9.07465e-06
    0.910562  0.00130649 0.000106465
    0.936212   0.0262919 0.000565984
    0.961861    0.176779  0.00157065
    0.987511     0.58355  0.00226943
     1.01316     1.22527  0.00375662
     1.03881     1.88803  0.00498117
     1.06446     2.35979  0.00555071
     1.09011     2.56116  0.00632199
     1.11576     2.53704  0.00426253
     1.14141     2.39259  0.00571858
     1.16706     2.17827  0.00494112
     1.19271     1.95216  0.00560013
     1.21836     1.74314   0.0040249
     1.24401     1.54282  0.00414499
     1.26966     1.37911  0.00457405
     1.29531     1.24234  0.00479308
     1.32096     1.11622  0.00369065
     1.34661     1.01741  0.00392379
     1.37226    0.939194  0.00351292
     1.39791      0.8726  0.00303146
     1.42355    0.814012  0.00272051
      1.4492    0.773682  0.00258211
     1.47485    0.735951  0.00223378
      1.5005    0.710454  0.00314448
     1.52615    0.689713  0.00217619
      1.5518    0.676949  0.00238616
     1.57745    0.671744  0.00240662
      1.6031     0.67331  0.00232311
     1.62875     0.68088  0.00211027
      1.6544    0.690829  0.00216449
     1.68005    0.709513   0.0024312
      1.7057    0.728736  0.00243067
     1.73135    0.755154  0.00245152
       1.757     0.78507  0.00277106
     1.78265    0.821638   0.0022688
      1.8083    0.860072  0.00227127
     1.83395    0.900007  0.00242745
      1.8596    0.940518  0.00307444
     1.88525    0.979957  0.00269451
      1.9109     1.02144  0.00230671
     1.93655     1.05921  0.00220874
      1.9622     1.09816  0.00188564
     1.98785     1.13234   0.0020175
      2.0135     1.16088   0.0025772
     2.03915     1.18813   0.0021541
      2.0648     1.20213  0.00244029
     2.09045     1.21452  0.00202871
      2.1161     1.21454  0.00251841
     2.14174     1.20372  0.00240687
     2.16739     1.18832  0.00215106
     2.19304      1.1721  0.00263776
     2.21869     1.14521  0.00270169
     2.24434     1.11723  0.00239041
     2.26999     1.08964  0.00200988
     2.29564     1.06198  0.00191243
     2.32129     1.03245  0.00242421
     2.34694     1.00633  0.00222203
     2.37259    0.981755  0.00172777
     2.39824    0.961071  0.00211123
     2.42389    0.941151  0.00171862
     2.44954     0.92449  0.00185133
     2.47519    0.914001  0.00221011
     2.50084    0.901952  0.00156992
     2.52649     0.89647  0.00179559
     2.55214    0.895484  0.00178134
